actual_squared_residual,atomic_pattern,case_grid_seconds,certificate,certificate_ratio_to_reference,coverage_slack,covered,degree,error,family,name,raw_certificate_excess,reference_atomic_pattern,reference_certificate,seconds,solver,status,success
,False,1.5291941660107113,,,,False,2,LinAlgError: Singular matrix,two_point,two_point_k10_0,,True,2.6145752229922437e-13,8.92080133780837e-05,,,False
1.0119819954727138e-20,False,1.5291941660107113,2.8179250322057925e-08,107777.54670912951,1.9894442404910423e-13,True,3,,two_point,two_point_k10_0,-2.8179250322047804e-08,True,2.6145752229922437e-13,0.22558087500510737,CLARABEL/CLARABEL,design=optimal; certificate=optimal; extraction=moment-nullspace; candidates=1,True
1.2686694199461992e-18,False,1.5291941660107113,3.8084836062601823e-08,145663.56985138005,2.731484606817108e-13,True,4,,two_point,two_point_k10_0,-3.8084836061333153e-08,True,2.6145752229922437e-13,0.21876049996353686,CLARABEL/CLARABEL,design=optimal_inaccurate; certificate=optimal; extraction=rank-one-lmi-nullspace; candidates=2,True
2.614936730901531e-20,False,1.5291941660107113,4.254726393426722e-08,162731.07600849256,1.1456851359629044e-13,True,6,,two_point,two_point_k10_0,-4.254726393424107e-08,True,2.6145752229922437e-13,0.3544073750381358,CLARABEL/CLARABEL,design=optimal_inaccurate; certificate=optimal; extraction=moment-nullspace; candidates=1,True
2.7802062615944504e-18,False,1.5291941660107113,6.921289807948483e-08,264719.47515923565,1.1374676576603126e-13,True,8,,two_point,two_point_k10_0,-6.921289807670463e-08,True,2.6145752229922437e-13,0.7300215000286698,CLARABEL/CLARABEL,design=optimal_inaccurate; certificate=optimal; extraction=moment-nullspace; candidates=1,True
,False,1.3184608750161715,,,,False,2,LinAlgError: Singular matrix,two_point,two_point_k10_1,,True,2.6145752229922437e-13,6.458297139033675e-05,,,False
2.280834858278652e-21,False,1.3184608750161715,3.293311542917898e-08,125959.71666666666,3.266609842810019e-13,True,3,,two_point,two_point_k10_1,-3.29331154291767e-08,True,2.6145752229922437e-13,0.15477658296003938,CLARABEL/CLARABEL,design=optimal; certificate=optimal; extraction=rank-one-lmi-nullspace; candidates=1,True
5.3503529285354143e-20,False,1.3184608750161715,2.4256322062043978e-08,92773.47176220806,1.2903698162377696e-13,True,4,,two_point,two_point_k10_1,-2.4256322061990476e-08,True,2.6145752229922437e-13,0.20023420901270583,CLARABEL/CLARABEL,design=optimal_inaccurate; certificate=optimal; extraction=moment-nullspace; candidates=1,True
5.739908178825515e-19,False,1.3184608750161715,4.685120047476232e-08,179192.3983014862,1.1456851405547438e-13,True,6,,two_point,two_point_k10_1,-4.685120047418833e-08,True,2.6145752229922437e-13,0.2980642500333488,CLARABEL/CLARABEL,design=optimal_inaccurate; certificate=optimal; extraction=moment-nullspace; candidates=1,True
3.4480135882545075e-20,False,1.3184608750161715,4.942574682864631e-08,189039.29936305733,1.137467635549437e-13,True,8,,two_point,two_point_k10_1,-4.9425746828611834e-08,True,2.6145752229922437e-13,0.664803292020224,CLARABEL/CLARABEL,design=optimal_inaccurate; certificate=optimal; extraction=moment-nullspace; candidates=1,True
,False,1.543174666003324,,,,False,2,LinAlgError: Singular matrix,two_point,two_point_k10_2,,True,2.6145752229922437e-13,6.445799954235554e-05,,,False
3.675163746720333e-18,False,1.543174666003324,2.7889817455495347e-08,106670.54904458599,1.9894442905532685e-13,True,3,,two_point,two_point_k10_2,-2.7889817451820184e-08,True,2.6145752229922437e-13,0.07763562502805144,CLARABEL/CLARABEL,design=optimal; certificate=optimal; extraction=moment-nullspace; candidates=1,True
7.284449014590573e-19,False,1.543174666003324,3.339214971198601e-08,127715.39108280255,2.1068006685290752e-13,True,4,,two_point,two_point_k10_2,-3.3392149711257566e-08,True,2.6145752229922437e-13,0.20176841702777892,CLARABEL/CLARABEL,design=optimal_inaccurate; certificate=optimal; extraction=rank-one-lmi-nullspace; candidates=2,True
6.716019895038103e-20,False,1.543174666003324,4.4350032979423304e-08,169626.15031847134,1.145685138141332e-13,True,6,,two_point,two_point_k10_2,-4.4350032979356143e-08,True,2.6145752229922437e-13,0.40469900000607595,CLARABEL/CLARABEL,design=optimal_inaccurate; certificate=optimal; extraction=moment-nullspace; candidates=1,True
4.869131958322092e-18,False,1.543174666003324,6.910898653345043e-08,264322.0433121019,1.137467657359928e-13,True,8,,two_point,two_point_k10_2,-6.91089865285813e-08,True,2.6145752229922437e-13,0.8586344159557484,CLARABEL/CLARABEL,design=optimal_inaccurate; certificate=optimal; extraction=moment-nullspace; candidates=1,True
1.9721522630525295e-31,False,0.9583362499834038,1.4488410471358293e-13,0.554140127388535,5.798739266538332e-13,True,2,,two_point,two_point_k10_3,-1.4488410471358293e-13,True,2.6145752229922437e-13,8.7958003859967e-05,linear algebra,exact degree-two moment calculation,True
7.59541683426903e-21,False,0.9583362499834038,0.00029349185888349894,1122522145.4811041,3.0487564548738406e-09,True,3,,two_point,two_point_k10_3,-0.00029349185888349894,True,2.6145752229922437e-13,0.1276366250240244,CLARABEL/CLARABEL,design=optimal; certificate=optimal; extraction=rank-one-lmi-nullspace; candidates=1,True
8.343448424268023e-19,False,0.9583362499834038,2.371846674620315e-08,90716.32951167728,1.290369814637975e-13,True,4,,two_point,two_point_k10_3,-2.3718466745368804e-08,True,2.6145752229922437e-13,0.09341379097895697,CLARABEL/CLARABEL,design=optimal_inaccurate; certificate=optimal; extraction=moment-nullspace; candidates=1,True
6.580268580779658e-19,False,0.9583362499834038,4.5022880756917516e-08,172199.6,1.1456851384583084e-13,True,6,,two_point,two_point_k10_3,-4.502288075625949e-08,True,2.6145752229922437e-13,0.23685562500031665,CLARABEL/CLARABEL,design=optimal_inaccurate; certificate=optimal; extraction=moment-nullspace; candidates=1,True
4.812163955906193e-20,False,0.9583362499834038,6.619250925155029e-08,253167.35456475583,1.1374676546097042e-13,True,8,,two_point,two_point_k10_3,-6.619250925150217e-08,True,2.6145752229922437e-13,0.4999385830014944,CLARABEL/CLARABEL,design=optimal_inaccurate; certificate=optimal; extraction=moment-nullspace; candidates=1,True
4.390850087980565e-23,False,1.8603922500042245,1.715250164124882e-11,0.50166251039069,6.836813843925421e-11,True,2,,two_point,two_point_k100_0,-1.715250164120491e-11,True,3.419131644477602e-11,0.00022262497805058956,linear algebra,exact degree-two moment calculation,True
1.8219060827145254e-11,False,1.8603922500042245,1.8966949895116159e-06,55473.00270157938,1.7216953072757148e-11,True,3,,two_point,two_point_k100_0,-1.8966767704507888e-06,True,3.419131644477602e-11,0.08342033304506913,CLARABEL/CLARABEL,design=optimal_inaccurate; certificate=optimal; extraction=rank-one-lmi-dual; candidates=2,True
7.950710209068176e-09,False,1.8603922500042245,7.663629606469158e-07,22413.96472360765,5.630465090011875e-12,True,4,,two_point,two_point_k100_0,-7.584122504378476e-07,True,3.419131644477602e-11,0.13335037499200553,CLARABEL/CLARABEL,design=optimal_inaccurate; certificate=optimal; extraction=rank-one-lmi-dual; candidates=2,True
3.378798608445153e-09,False,1.8603922500042245,2.5305975803746605e-07,7401.287354530341,9.033056007337907e-13,True,6,,two_point,two_point_k100_0,-2.496809594290209e-07,True,3.419131644477602e-11,0.3661739589879289,CLARABEL/CLARABEL,design=optimal_inaccurate; certificate=optimal; extraction=rank-one-lmi-dual; candidates=2,True
3.283285459964966e-09,False,1.8603922500042245,1.719405018363318e-07,5028.776885910224,9.414176664858218e-13,True,8,,two_point,two_point_k100_0,-1.6865721637636685e-07,True,3.419131644477602e-11,1.2762567920144647,CLARABEL/CLARABEL,design=optimal_inaccurate; certificate=optimal; extraction=rank-one-lmi-dual; candidates=2,True
0.0,False,2.4673555409535766,1.709565822238801e-11,0.5008326394671108,6.836813852828769e-11,True,2,,two_point,two_point_k100_1,-1.709565822238801e-11,True,3.413447302591521e-11,0.0001419170293956995,linear algebra,exact degree-two moment calculation,True
8.908172358504143e-19,False,2.4673555409535766,4.520812845498767e-05,1324412.6669442132,4.81456140835292e-10,True,3,,two_point,two_point_k100_1,-4.5208128454986785e-05,True,3.413447302591521e-11,0.05807525001000613,CLARABEL/CLARABEL,design=optimal; certificate=optimal; extraction=rank-one-lmi-nullspace; candidates=1,True
6.560897288894434e-12,False,2.4673555409535766,6.532312522011807e-07,19136.995368442964,5.0060939094587565e-12,True,4,,two_point,two_point_k100_1,-6.532246913038919e-07,True,3.413447302591521e-11,0.22490329097490758,CLARABEL/CLARABEL,design=optimal_inaccurate; certificate=optimal; extraction=rank-one-lmi-dual; candidates=2,True
1.4836814012350871e-08,False,2.4673555409535766,2.0151821100711231e-07,5903.6567183597,1.034147721361904e-12,True,6,,two_point,two_point_k100_1,-1.8668139699476143e-07,True,3.413447302591521e-11,0.6809137499658391,CLARABEL/CLARABEL,design=optimal_inaccurate; certificate=optimal; extraction=rank-one-lmi-dual; candidates=2,True
1.2757122272081454e-07,False,2.4673555409535766,3.3076844641044545e-07,9690.158279558702,1.288329218712268e-12,True,8,,two_point,two_point_k100_1,-2.031972236896309e-07,True,3.413447302591521e-11,1.502782208030112,CLARABEL/CLARABEL,design=optimal_inaccurate; certificate=optimal; extraction=rank-one-lmi-dual; candidates=2,True
2.8535225370133842e-24,False,2.4590318750124425,1.7053025658242404e-11,0.4997917534360683,6.836813855237191e-11,True,2,,two_point,two_point_k100_2,-1.705302565823955e-11,True,3.412026217120001e-11,9.070796659216285e-05,linear algebra,exact degree-two moment calculation,True
3.8634581385430115e-14,False,2.4590318750124425,2.2278914002527017e-05,652952.6030820492,2.171363354877715e-10,True,3,,two_point,two_point_k100_2,-2.2278913963892435e-05,True,3.412026217120001e-11,0.05727995798224583,CLARABEL/CLARABEL,design=optimal; certificate=optimal; extraction=rank-one-lmi-nullspace; candidates=1,True
1.6683153670104745e-10,False,2.4590318750124425,6.91403668540147e-07,20263.72672844648,5.0407730988186874e-12,True,4,,two_point,two_point_k100_2,-6.91236837003446e-07,True,3.412026217120001e-11,0.2481307500274852,CLARABEL/CLARABEL,design=optimal_inaccurate; certificate=optimal; extraction=rank-one-lmi-dual; candidates=2,True
1.9245960044069718e-08,False,2.4590318750124425,3.133672858979253e-07,9184.199239900041,8.889700847133827e-13,True,6,,two_point,two_point_k100_2,-2.9412132585385556e-07,True,3.412026217120001e-11,0.6342536250012927,CLARABEL/CLARABEL,design=optimal_inaccurate; certificate=optimal; extraction=rank-one-lmi-nullspace; candidates=2,True
3.1156983544175653e-09,False,2.4590318750124425,1.8088298059382169e-07,5301.336188046647,9.303282924471879e-13,True,8,,two_point,two_point_k100_2,-1.7776728223940412e-07,True,3.412026217120001e-11,1.5186092089861631,CLARABEL/CLARABEL,design=optimal_inaccurate; certificate=optimal; extraction=rank-one-lmi-dual; candidates=2,True
0.0,False,2.1298383329994977,1.709565822238801e-11,0.5008326394671108,6.836813852828769e-11,True,2,,two_point,two_point_k100_3,-1.709565822238801e-11,True,3.413447302591521e-11,9.40409954637289e-05,linear algebra,exact degree-two moment calculation,True
8.808116003485929e-19,False,2.1298383329994977,7.516461252521367e-06,220201.47335553705,7.177762354120416e-11,True,3,,two_point,two_point_k100_3,-7.516461252520486e-06,True,3.413447302591521e-11,0.09041245799744502,CLARABEL/CLARABEL,design=optimal; certificate=optimal; extraction=rank-one-lmi-nullspace; candidates=1,True
5.093956518924795e-09,False,2.1298383329994977,6.60432363019936e-07,19347.958368026644,5.099931046624512e-12,True,4,,two_point,two_point_k100_3,-6.553384065010112e-07,True,3.413447302591521e-11,0.26363575004506856,CLARABEL/CLARABEL,design=optimal_inaccurate; certificate=optimal; extraction=rank-one-lmi-dual; candidates=2,True
8.482331522816844e-10,False,2.1298383329994977,1.80523640480601e-07,5288.601946294754,8.897106568443844e-13,True,6,,two_point,two_point_k100_3,-1.796754073283193e-07,True,3.413447302591521e-11,0.5958995000110008,CLARABEL/CLARABEL,design=optimal_inaccurate; certificate=optimal; extraction=rank-one-lmi-dual; candidates=2,True
1.2397056817924227e-07,False,2.1298383329994977,3.198748146360231e-07,9371.019567027477,1.2707025393450486e-12,True,8,,two_point,two_point_k100_3,-1.959042464567808e-07,True,3.413447302591521e-11,1.179361374990549,CLARABEL/CLARABEL,design=optimal_inaccurate; certificate=optimal; extraction=rank-one-lmi-dual; candidates=2,True
2.9335704294562477e-18,False,2.654192709014751,1.7680577002465725e-09,0.49922958397534667,7.077138074381606e-09,True,2,,two_point,two_point_k1000_0,-1.768057697313002e-09,True,3.5415723687037826e-09,8.820800576359034e-05,linear algebra,exact degree-two moment calculation,True
9.77911095002952e-07,False,2.654192709014751,1.2868049645842206e-06,363.34284058557637,3.192508385371789e-12,True,3,,two_point,two_point_k1000_0,-3.0889386958126854e-07,True,3.5415723687037826e-09,0.12796770897693932,CLARABEL/CLARABEL,design=optimal_inaccurate; certificate=optimal; extraction=rank-one-lmi-nullspace; candidates=2,True
8.748142121510632e-07,False,2.654192709014751,2.597435482698529e-06,733.4130754044684,1.3563238145704531e-11,True,4,,two_point,two_point_k1000_0,-1.7226212705474659e-06,True,3.5415723687037826e-09,0.2356793750077486,CLARABEL/CLARABEL,design=optimal_inaccurate; certificate=optimal; extraction=rank-one-lmi-dual; candidates=2,True
3.9086109125976185e-07,False,2.654192709014751,1.4007548372774181e-05,3955.1777895480227,1.0292817417097965e-10,True,6,,two_point,two_point_k1000_0,-1.361668728151442e-05,True,3.5415723687037826e-09,0.627342916035559,CLARABEL/CLARABEL,design=optimal_inaccurate; certificate=optimal; extraction=rank-one-lmi-dual; candidates=2,True
6.616851153179094e-07,False,2.654192709014751,2.725651683022079e-06,769.6162605932203,1.029670788678794e-11,True,8,,two_point,two_point_k1000_0,-2.0639665677041694e-06,True,3.5415723687037826e-09,1.662409667042084,CLARABEL/CLARABEL,design=optimal_inaccurate; certificate=optimal; extraction=rank-one-lmi-dual; candidates=2,True
5.650812391972594e-24,False,3.149066042038612,1.7671482055447996e-09,0.49948586118251925,7.0771619392047584e-09,True,2,,two_point,two_point_k1000_1,-1.767148205544794e-09,True,3.537934389896691e-09,0.0001189160393550992,linear algebra,exact degree-two moment calculation,True
1.7488491332712334e-16,False,3.149066042038612,0.017476637003710493,4939785.501285347,1.7269152982191467e-07,True,3,,two_point,two_point_k1000_1,-0.01747663700371032,True,3.537934389896691e-09,0.17509716702625155,CLARABEL/CLARABEL,design=optimal; certificate=optimal; extraction=rank-one-lmi-nullspace; candidates=1,True
2.169693319614937e-10,False,3.149066042038612,7.172894652285322e-05,20274.24440874036,5.573164916520546e-10,True,4,,two_point,two_point_k1000_1,-7.172872955352126e-05,True,3.537934389896691e-09,0.28511441696900874,CLARABEL/CLARABEL,design=optimal_inaccurate; certificate=optimal; extraction=rank-one-lmi-dual; candidates=2,True
6.250347153011832e-05,False,3.149066042038612,8.191315862404736e-05,23152.82014781491,1.0240065979482617e-10,True,6,,two_point,two_point_k1000_1,-1.9409687093929038e-05,True,3.537934389896691e-09,0.9511237079859711,CLARABEL/CLARABEL,design=optimal_inaccurate; certificate=optimal; extraction=rank-one-lmi-dual; candidates=2,True
1.8641488966068807e-07,False,3.149066042038612,9.78371699602576e-05,27653.754755784063,7.589641229979599e-10,True,8,,two_point,two_point_k1000_1,-9.765075507059691e-05,True,3.537934389896691e-09,1.7370098329847679,CLARABEL/CLARABEL,design=optimal_inaccurate; certificate=optimal; extraction=rank-one-lmi-nullspace; candidates=2,True
1.589729103469667e-16,False,2.317010125028901,1.7544152797199786e-09,0.49754965179262317,7.077324889108613e-09,True,2,,two_point,two_point_k1000_2,-1.7544151207470682e-09,True,3.5261109587736428e-09,9.037501877173781e-05,linear algebra,exact degree-two moment calculation,True
1.1541917535272788e-06,False,2.317010125028901,1.3598007523318856e-06,385.6375389856747,2.0806066207847458e-12,True,3,,two_point,two_point_k1000_2,-2.0560899880460678e-07,True,3.5261109587736428e-09,0.18653087504208088,CLARABEL/CLARABEL,design=optimal_inaccurate; certificate=optimal; extraction=rank-one-lmi-nullspace; candidates=2,True
1.0418449565896602e-06,False,2.317010125028901,2.331836363111961e-06,661.3054411432809,1.0366189945618835e-11,True,4,,two_point,two_point_k1000_2,-1.2899914065223007e-06,True,3.5261109587736428e-09,0.21611149999080226,CLARABEL/CLARABEL,design=optimal_inaccurate; certificate=optimal; extraction=rank-one-lmi-dual; candidates=2,True
5.411939761310389e-07,False,2.317010125028901,1.0087459685337308e-05,2860.789068545267,7.04522569362276e-11,True,6,,two_point,two_point_k1000_2,-9.546265709206268e-06,True,3.5261109587736428e-09,0.6661008750088513,CLARABEL/CLARABEL,design=optimal_inaccurate; certificate=optimal; extraction=rank-one-lmi-dual; candidates=2,True
7.977766977416555e-07,False,2.317010125028901,2.249468955994871e-06,637.9461628675522,7.598591520061517e-12,True,8,,two_point,two_point_k1000_2,-1.4516922582532155e-06,True,3.5261109587736428e-09,1.2477683330071159,CLARABEL/CLARABEL,design=optimal_inaccurate; certificate=optimal; extraction=rank-one-lmi-dual; candidates=2,True
,False,2.207916875020601,,,,False,2,LinAlgError: Singular matrix,two_point,two_point_k1000_3,,True,3.5397533793002367e-09,7.358298171311617e-05,,,False
2.290737054122246e-16,False,2.207916875020601,0.00037475220165106293,105869.57945786229,3.9588667524414656e-09,True,3,,two_point,two_point_k1000_3,-0.00037475220165083384,True,3.5397533793002367e-09,0.04039995797211304,CLARABEL/CLARABEL,design=optimal; certificate=optimal; extraction=rank-one-lmi-nullspace; candidates=1,True
6.348682158921121e-17,False,2.207916875020601,0.00011294129444650025,31906.54329393628,9.791957587237162e-10,True,4,,two_point,two_point_k1000_3,-0.00011294129444643676,True,3.5397533793002367e-09,0.22114783397410065,CLARABEL/CLARABEL,design=optimal; certificate=optimal; extraction=rank-one-lmi-nullspace; candidates=1,True
1.8664358034923626e-13,False,2.207916875020601,2.0366337025734538e-05,5753.603385149024,1.1387799982755362e-10,True,6,,two_point,two_point_k1000_3,-2.0366336839090957e-05,True,3.5397533793002367e-09,0.5563472079811618,SCS/CLARABEL,design=optimal; certificate=optimal; extraction=moment-nullspace; candidates=1,True
2.1385574137122327e-07,False,2.207916875020601,0.00011983763351963717,33854.7974049332,9.445855265387232e-10,True,8,,two_point,two_point_k1000_3,-0.00011962377777826594,True,3.5397533793002367e-09,1.389635541010648,CLARABEL/CLARABEL,design=optimal_inaccurate; certificate=optimal; extraction=rank-one-lmi-nullspace; candidates=2,True
0.00678805231379062,False,1.3522912919870578,0.006788052313829049,1.0,1.5521580280615466e-13,True,2,,three_point,three_point_k10_0,-3.842846180157622e-14,False,0.006788052313829049,8.941598935052752e-05,linear algebra,exact degree-two moment calculation,True
1.7158214291213567e-15,False,1.3522912919870578,9.427416669538502e-08,204712.19961427193,8.495808179616058e-13,True,3,,three_point,three_point_k10_0,-9.427416497956359e-08,True,4.605205106145149e-13,0.115647541009821,CLARABEL/CLARABEL,design=optimal; certificate=optimal; extraction=rank-one-lmi-nullspace; candidates=1,True
1.0181754018352336e-18,False,1.3522912919870578,3.229708767094053e-08,70131.70298939248,1.8143927986521365e-13,True,4,,three_point,three_point_k10_0,-3.2297087669922354e-08,True,4.605205106145149e-13,0.0724805420031771,CLARABEL/CLARABEL,design=optimal; certificate=optimal; extraction=rank-one-lmi-nullspace; candidates=1,True
1.952372249555506e-17,False,1.3522912919870578,3.2110274550412043e-08,69726.04652844745,1.1491345799427005e-13,True,6,,three_point,three_point_k10_0,-3.211027453088832e-08,True,4.605205106145149e-13,0.4579087920137681,CLARABEL/CLARABEL,design=optimal_inaccurate; certificate=optimal; extraction=moment-nullspace; candidates=1,True
1.4384636581471755e-16,False,1.3522912919870578,3.8453327300125295e-08,83499.70612343297,1.1374717322563314e-13,True,8,,three_point,three_point_k10_0,-3.845332715627893e-08,True,4.605205106145149e-13,0.7056737079983577,CLARABEL/CLARABEL,design=optimal_inaccurate; certificate=optimal; extraction=moment-nullspace; candidates=1,True
0.1489088016161662,False,1.5743149999761954,0.14890880161621547,1.0,2.3119878097674774e-13,True,2,,three_point,three_point_k10_1,-4.926614671774132e-14,False,0.14890880161621547,0.0009643749799579382,linear algebra,exact degree-two moment calculation,True
4.521465995544339e-17,False,1.5743149999761954,8.634210013624966e-08,187941.15514741422,8.495816507132751e-13,True,3,,three_point,three_point_k10_1,-8.6342100091035e-08,True,4.594102875898898e-13,0.08602495800005272,CLARABEL/CLARABEL,design=optimal; certificate=optimal; extraction=rank-one-lmi-nullspace; candidates=1,True
1.3119175184655631e-20,False,1.5743149999761954,2.8888811676175408e-08,62882.378685355245,1.4538381149130652e-13,True,4,,three_point,three_point_k10_1,-2.888881167616229e-08,True,4.594102875898898e-13,0.14232579100644216,CLARABEL/CLARABEL,design=optimal_inaccurate; certificate=optimal; extraction=rank-one-lmi-nullspace; candidates=2,True
3.529688600455348e-17,False,1.5743149999761954,2.5934911662695015e-08,56452.614064765585,1.691318689139763e-13,True,6,,three_point,three_point_k10_1,-2.593491162739813e-08,True,4.594102875898898e-13,0.4486088340054266,CLARABEL/CLARABEL,design=optimal_inaccurate; certificate=optimal; extraction=rank-one-lmi-nullspace; candidates=2,True
2.5500336963245777e-17,False,1.5743149999761954,3.737968179429174e-08,81364.4857419043,1.137471733146545e-13,True,8,,three_point,three_point_k10_1,-3.7379681768791404e-08,True,4.594102875898898e-13,0.8960007919813506,CLARABEL/CLARABEL,design=optimal_inaccurate; certificate=optimal; extraction=moment-nullspace; candidates=1,True
0.008114843650335732,False,1.6372993750264868,0.00811484365037414,1.0,1.5530202288539558e-13,True,2,,three_point,three_point_k10_2,-3.8408512481602486e-14,False,0.00811484365037414,8.829199941828847e-05,linear algebra,exact degree-two moment calculation,True
2.850137965274897e-18,False,1.6372993750264868,9.129134603824696e-08,199388.78370514064,8.495816530858199e-13,True,3,,three_point,three_point_k10_2,-9.129134603539682e-08,True,4.578559753554146e-13,0.06882916699396446,CLARABEL/CLARABEL,design=optimal; certificate=optimal; extraction=rank-one-lmi-nullspace; candidates=1,True
1.1843134686717239e-17,False,1.6372993750264868,5.857133655862157e-08,127925.24224054316,5.933291840402484e-13,True,4,,three_point,three_point_k10_2,-5.857133654677843e-08,True,4.578559753554146e-13,0.2544969579903409,CLARABEL/CLARABEL,design=optimal_inaccurate; certificate=optimal; extraction=rank-one-lmi-nullspace; candidates=2,True
1.4475812902716887e-17,False,1.6372993750264868,2.993455183730731e-08,65379.84311348206,1.1491345785278816e-13,True,6,,three_point,three_point_k10_2,-2.99345518228315e-08,True,4.578559753554146e-13,0.548503416008316,CLARABEL/CLARABEL,design=optimal_inaccurate; certificate=optimal; extraction=moment-nullspace; candidates=1,True
2.0896227082661715e-16,False,1.6372993750264868,4.2852474568810806e-08,93593.78685741998,1.137471737062847e-13,True,8,,three_point,three_point_k10_2,-4.285247435984853e-08,True,4.578559753554146e-13,0.7649639999726787,CLARABEL/CLARABEL,design=optimal_inaccurate; certificate=optimal; extraction=moment-nullspace; candidates=1,True
0.1428497195464909,False,2.000204332987778,0.14284971954653786,1.0,2.2016880279730594e-13,True,2,,three_point,three_point_k10_3,-4.696243394164412e-14,False,0.14284971954653786,9.187503019347787e-05,linear algebra,exact degree-two moment calculation,True
1.0803100911837472e-17,False,2.000204332987778,8.899290770969515e-08,194463.08879184863,8.495816680566238e-13,True,3,,three_point,three_point_k10_3,-8.899290769889205e-08,True,4.576339307504895e-13,0.1454320839839056,CLARABEL/CLARABEL,design=optimal; certificate=optimal; extraction=rank-one-lmi-nullspace; candidates=1,True
1.1252297045875232e-17,False,2.000204332987778,5.1363167941076426e-08,112236.3629306162,4.842801058752269e-13,True,4,,three_point,three_point_k10_3,-5.136316792982413e-08,True,4.576339307504895e-13,0.42106641602003947,CLARABEL/CLARABEL,design=optimal_inaccurate; certificate=optimal; extraction=rank-one-lmi-nullspace; candidates=2,True
7.581659131524247e-20,False,2.000204332987778,2.6807144615226264e-08,58577.70329936924,1.2495245664399108e-13,True,6,,three_point,three_point_k10_3,-2.6807144615150448e-08,True,4.576339307504895e-13,0.6576216670218855,CLARABEL/CLARABEL,design=optimal_inaccurate; certificate=optimal; extraction=rank-one-lmi-nullspace; candidates=2,True
2.848323051330214e-20,False,2.000204332987778,3.94855286245388e-08,86281.90781174187,1.1374717356933037e-13,True,8,,three_point,three_point_k10_3,-3.948552862451032e-08,True,4.576339307504895e-13,0.7756041669636033,CLARABEL/CLARABEL,design=optimal_inaccurate; certificate=optimal; extraction=moment-nullspace; candidates=1,True
0.00015140318104216508,False,2.1324898329912685,0.00015140318120493435,1.0,6.523448538442618e-13,True,2,,three_point,three_point_k100_0,-1.6276926638122968e-13,False,0.00015140318120493435,8.662499021738768e-05,linear algebra,exact degree-two moment calculation,True
1.3710802791620232e-09,False,2.1324898329912685,0.0003729739482878358,241477.51685558664,2.237569341483269e-09,True,3,,three_point,three_point_k100_0,-0.00037297257720755666,True,1.5445493772858754e-09,0.14475670899264514,CLARABEL/CLARABEL,design=optimal_inaccurate; certificate=optimal; extraction=rank-one-lmi-dual; candidates=2,True
1.4460248773140725e-06,False,2.1324898329912685,5.226481005138339e-05,33838.22545267187,3.0909804310748197e-10,True,4,,three_point,three_point_k100_0,-5.081878517406932e-05,True,1.5445493772858754e-09,0.26119687501341105,CLARABEL/CLARABEL,design=optimal_inaccurate; certificate=optimal; extraction=rank-one-lmi-dual; candidates=2,True
2.465605851690011e-05,False,2.1324898329912685,2.8710890354943785e-05,18588.522178161344,1.6794097959066746e-11,True,6,,three_point,three_point_k100_0,-4.054831838043677e-06,True,1.5445493772858754e-09,0.4972123749903403,CLARABEL/CLARABEL,design=optimal_inaccurate; certificate=optimal; extraction=rank-one-lmi-dual; candidates=2,True
3.9706873085346015e-06,False,2.1324898329912685,1.8440552707943425e-05,11939.115044899161,1.0590550872460504e-10,True,8,,three_point,three_point_k100_0,-1.4469865399408824e-05,True,1.5445493772858754e-09,1.2288549999939278,CLARABEL/CLARABEL,design=optimal_inaccurate; certificate=optimal; extraction=rank-one-lmi-dual; candidates=2,True
0.4205912318033536,False,2.7059064169880003,0.4205912318036066,1.0,1.1038568692154092e-12,True,2,,three_point,three_point_k100_1,-2.529643161608419e-13,False,0.4205912318036066,9.045901242643595e-05,linear algebra,exact degree-two moment calculation,True
4.458895925990385e-16,False,2.7059064169880003,0.00024589104350525304,189993.0158116655,2.250431076741019e-09,True,3,,three_point,three_point_k100_1,-0.00024589104350480716,True,1.2942109606228769e-09,0.09597633400699124,CLARABEL/CLARABEL,design=optimal; certificate=optimal; extraction=rank-one-lmi-nullspace; candidates=1,True
6.754239951916474e-16,False,2.7059064169880003,0.00013152074825484306,101622.3415319747,9.964246523968691e-10,True,4,,three_point,three_point_k100_1,-0.00013152074825416763,True,1.2942109606228769e-09,0.1312785420450382,CLARABEL/CLARABEL,design=optimal; certificate=optimal; extraction=rank-one-lmi-nullspace; candidates=1,True
8.240781047584506e-05,False,2.7059064169880003,0.00011112684501313197,85864.55252986647,1.9592800984567177e-10,True,6,,three_point,three_point_k100_1,-2.871903453728691e-05,True,1.2942109606228769e-09,0.633704875013791,CLARABEL/CLARABEL,design=optimal_inaccurate; certificate=optimal; extraction=rank-one-lmi-dual; candidates=2,True
4.1564227789404776e-07,False,2.7059064169880003,1.385711237844589e-05,10706.996618060435,1.0608944041483696e-10,True,8,,three_point,three_point_k100_1,-1.3441470100551843e-05,True,1.2942109606228769e-09,1.8444492080016062,CLARABEL/CLARABEL,design=optimal_inaccurate; certificate=optimal; extraction=rank-one-lmi-nullspace; candidates=2,True
0.00011849734355271477,False,2.6493802909972146,0.00011849734371510712,1.0,6.523769820743784e-13,True,2,,three_point,three_point_k100_2,-1.623923434959651e-13,False,0.00011849734371510712,9.337498340755701e-05,linear algebra,exact degree-two moment calculation,True
5.91381195640518e-12,False,2.6493802909972146,0.0009687694437161554,751047.606557377,2.2514213804189314e-09,True,3,,three_point,three_point_k100_2,-0.0009687694378023434,True,1.2898908607894555e-09,0.16814308398170397,CLARABEL/CLARABEL,design=optimal_inaccurate; certificate=optimal; extraction=rank-one-lmi-nullspace; candidates=2,True
2.281354269209351e-09,False,2.6493802909972146,6.261515261485329e-05,48542.9849286092,4.4452611607461166e-10,True,4,,three_point,three_point_k100_2,-6.261287126058408e-05,True,1.2898908607894555e-09,0.28080041700741276,CLARABEL/CLARABEL,design=optimal_inaccurate; certificate=optimal; extraction=rank-one-lmi-dual; candidates=2,True
2.078607055068393e-05,False,2.6493802909972146,2.5813253770934352e-05,20011.967334302837,3.681000292886776e-11,True,6,,three_point,three_point_k100_2,-5.0271832202504215e-06,True,1.2898908607894555e-09,0.7367806250113063,CLARABEL/CLARABEL,design=optimal_inaccurate; certificate=optimal; extraction=rank-one-lmi-nullspace; candidates=2,True
9.459059307742415e-06,False,2.6493802909972146,3.503177777020028e-05,27158.7146130795,1.162321167004183e-10,True,8,,three_point,three_point_k100_2,-2.5572718462457864e-05,True,1.2898908607894555e-09,1.4626412500510924,CLARABEL/CLARABEL,design=optimal_inaccurate; certificate=optimal; extraction=rank-one-lmi-dual; candidates=2,True
0.40092879260434394,False,2.42334012495121,0.4009287926045758,1.0,1.0181651538148234e-12,True,2,,three_point,three_point_k100_3,-2.3187007869296394e-13,False,0.4009287926045758,9.68750100582838e-05,linear algebra,exact degree-two moment calculation,True
1.2469030900231847e-16,False,2.42334012495121,0.0002456072347740701,156232.5776684987,2.250430923478899e-09,True,3,,three_point,three_point_k100_3,-0.0002456072347739454,True,1.5720615920145065e-09,0.1005320000112988,CLARABEL/CLARABEL,design=optimal; certificate=optimal; extraction=rank-one-lmi-nullspace; candidates=1,True
7.329142986740507e-10,False,2.42334012495121,5.9853786069652415e-05,38073.43578247035,4.0019233399783807e-10,True,4,,three_point,three_point_k100_3,-5.985305315535374e-05,True,1.5720615920145065e-09,0.3267287500202656,CLARABEL/CLARABEL,design=optimal_inaccurate; certificate=optimal; extraction=rank-one-lmi-dual; candidates=2,True
4.526991156624942e-12,False,2.42334012495121,2.4492956754329498e-05,15580.150853341047,1.5071984096782032e-10,True,6,,three_point,three_point_k100_3,-2.449295222733834e-05,True,1.5720615920145065e-09,0.7640630829846486,CLARABEL/CLARABEL,design=optimal_inaccurate; certificate=optimal; extraction=rank-one-lmi-nullspace; candidates=2,True
2.241363674784196e-08,False,2.42334012495121,1.1931178306667789e-05,7589.510721000868,6.502648303745094e-11,True,8,,three_point,three_point_k100_3,-1.1908764669919947e-05,True,1.5720615920145065e-09,1.2315084590227343,CLARABEL/CLARABEL,design=optimal_inaccurate; certificate=optimal; extraction=rank-one-lmi-nullspace; candidates=2,True
1.2746263071350946e-06,False,2.3512614580104128,1.274627987157828e-06,1.0,6.730967793480003e-12,True,2,,three_point,three_point_k1000_0,-1.680022733470472e-12,False,1.274627987157828e-06,9.075005073100328e-05,linear algebra,exact degree-two moment calculation,True
1.2577736722888415e-06,False,2.3512614580104128,1.9021193857327034e-05,1.221759695336948,7.727713019468551e-11,True,3,,three_point,three_point_k1000_0,-1.7763420185038194e-05,True,1.55686866492033e-05,0.09872254100628197,CLARABEL/CLARABEL,design=optimal; certificate=optimal; extraction=rank-one-lmi-nullspace; candidates=1,True
1.2874311598235684e-06,False,2.3512614580104128,1.7337070010725597e-06,0.11135859049236366,1.7111947135427068e-12,True,4,,three_point,three_point_k1000_0,-4.4627584124899126e-07,True,1.55686866492033e-05,0.2603970420313999,CLARABEL/CLARABEL,design=optimal_inaccurate; certificate=optimal; extraction=rank-one-lmi-dual; candidates=2,True
1.2115960130896117e-06,False,2.3512614580104128,2.5979933280240175e-06,0.16687299234434558,1.0703151423232601e-11,True,6,,three_point,three_point_k1000_0,-1.3863973149344058e-06,True,1.55686866492033e-05,0.5609741660300642,CLARABEL/CLARABEL,design=optimal_inaccurate; certificate=optimal; extraction=rank-one-lmi-dual; candidates=2,True
1.0778697584398982e-06,False,2.3512614580104128,2.268760715473661e-05,1.457258898321883,4.7690927018483865e-11,True,8,,three_point,three_point_k1000_0,-2.1609737396296713e-05,True,1.55686866492033e-05,1.430520499998238,CLARABEL/CLARABEL,design=optimal_inaccurate; certificate=optimal_inaccurate; extraction=rank-one-lmi-dual; candidates=2,True
0.43272775107834294,False,18.61261483299313,0.43272775108020944,1.0,7.557305756935984e-12,True,2,,three_point,three_point_k1000_1,-1.866506948999813e-12,False,0.43272775108020944,8.808297570794821e-05,linear algebra,exact degree-two moment calculation,True
3.9604913831917895e-07,False,18.61261483299313,1.9134218953549862,1163046.2020945372,2.9058210276287444e-06,True,3,,three_point,three_point_k1000_1,-1.9134214993058478,True,1.6451813280582428e-06,0.233330917020794,CLARABEL/CLARABEL,design=optimal_inaccurate; certificate=optimal_inaccurate; extraction=rank-one-lmi-nullspace; candidates=2,True
2.580300397586658e-09,False,18.61261483299313,0.12474339851178229,75823.49518822531,7.696759099295608e-07,True,4,,three_point,three_point_k1000_1,-0.12474339593148188,True,1.6451813280582428e-06,0.5110237919725478,CLARABEL/CLARABEL,design=optimal_inaccurate; certificate=optimal_inaccurate; extraction=rank-one-lmi-dual; candidates=2,True
0.35302012326468507,False,18.61261483299313,0.3553146015838138,215972.91163228842,2.20363232929005e-08,True,6,,three_point,three_point_k1000_1,-0.002294478319128712,True,1.6451813280582428e-06,6.7134857079945505,SCS/CLARABEL,design=optimal_inaccurate; certificate=optimal; extraction=rank-one-lmi-nullspace; candidates=2,True
0.33580544381870303,False,18.61261483299313,0.3362157304345601,204363.9352699105,2.266680974336109e-09,True,8,,three_point,three_point_k1000_1,-0.0004102866158570695,True,1.6451813280582428e-06,11.153799874999095,SCS/CLARABEL,design=optimal_inaccurate; certificate=optimal; extraction=rank-one-lmi-nullspace; candidates=2,True
1.8385966759984411e-06,False,2.4549347499851137,1.8385983624469304e-06,1.0,6.73123159357748e-12,True,2,,three_point,three_point_k1000_2,-1.6864484893092184e-12,False,1.8385983624469304e-06,0.00017449998995289207,linear algebra,exact degree-two moment calculation,True
1.8627996104605933e-06,False,2.4549347499851137,8.75818952863483e-05,38.09614907601403,1.9058784407893946e-10,True,3,,three_point,three_point_k1000_2,-8.57190956758877e-05,True,2.2989697754383087e-06,0.07974658295279369,CLARABEL/CLARABEL,design=optimal; certificate=optimal_inaccurate; extraction=rank-one-lmi-nullspace; candidates=1,True
1.8507056623829209e-06,False,2.4549347499851137,2.2823695751128525e-06,0.9927792872691024,1.8630796752978367e-12,True,4,,three_point,three_point_k1000_2,-4.316639127299317e-07,True,2.2989697754383087e-06,0.3012454580166377,CLARABEL/CLARABEL,design=optimal_inaccurate; certificate=optimal; extraction=rank-one-lmi-dual; candidates=2,True
1.7519823154820643e-06,False,2.4549347499851137,2.316798806134557e-06,1.0077552262264295,2.522412067472022e-12,True,6,,three_point,three_point_k1000_2,-5.648164906524925e-07,True,2.2989697754383087e-06,0.7649977919645607,CLARABEL/CLARABEL,design=optimal_inaccurate; certificate=optimal; extraction=rank-one-lmi-dual; candidates=2,True
1.5891545128534652e-06,False,2.4549347499851137,5.867197309328276e-06,2.5520984973409093,4.138283484294982e-11,True,8,,three_point,three_point_k1000_2,-4.2780427964748104e-06,True,2.2989697754383087e-06,1.3083050420391373,CLARABEL/CLARABEL,design=optimal_inaccurate; certificate=optimal; extraction=rank-one-lmi-dual; candidates=2,True
0.4345414272799709,False,22.06556591700064,0.43454142728182354,1.0,7.516242560544245e-12,True,2,,three_point,three_point_k1000_3,-1.8526291611919987e-12,False,0.43454142728182354,0.00014600000577047467,linear algebra,exact degree-two moment calculation,True
5.1586547205009636e-06,False,22.06556591700064,2.1746199391782284,1324811.5631205675,2.8992518827814413e-06,True,3,,three_point,three_point_k1000_3,-2.174614780523508,True,1.6414560377597809e-06,0.21125366596970707,CLARABEL/CLARABEL,design=optimal_inaccurate; certificate=optimal_inaccurate; extraction=rank-one-lmi-dual; candidates=2,True
0.41946154028249155,False,22.06556591700064,0.4194985156838129,255564.88022447086,3.461354936439494e-10,True,4,,three_point,three_point_k1000_3,-3.697540132135968e-05,True,1.6414560377597809e-06,3.9150305830407888,SCS/CLARABEL,design=optimal_inaccurate; certificate=optimal; extraction=rank-one-lmi-nullspace; candidates=2,True
0.35815561336185414,False,22.06556591700064,0.35999295824331057,219313.1889993351,1.7684995216183723e-08,True,6,,three_point,three_point_k1000_3,-0.0018373448814564264,True,1.6414560377597809e-06,7.010720582969952,SCS/CLARABEL,design=optimal_inaccurate; certificate=optimal; extraction=rank-one-lmi-nullspace; candidates=2,True
0.3375340954512529,False,22.06556591700064,0.33794377022968547,205880.48808843084,2.2625412007772577e-09,True,8,,three_point,three_point_k1000_3,-0.00040967477843256717,True,1.6414560377597809e-06,10.92165987502085,SCS/CLARABEL,design=optimal_inaccurate; certificate=optimal; extraction=rank-one-lmi-nullspace; candidates=2,True
0.008412872120886327,False,1.9202765420195647,0.008412872120924772,1.0,1.5566404034690856e-13,True,2,,three_cluster,three_cluster_k10_0,-3.8444941674598e-14,False,0.008412872120924772,9.81249613687396e-05,linear algebra,exact degree-two moment calculation,True
0.005138694995105787,False,1.9202765420195647,0.005280780006925362,1.0,1.384522247939396e-13,True,3,,three_cluster,three_cluster_k10_0,-0.00014208501181957496,False,0.005280780006925362,0.15869170799851418,CLARABEL/CLARABEL,design=optimal; certificate=optimal; extraction=rank-one-lmi-nullspace; candidates=1,True
0.001622518168822548,False,1.9202765420195647,0.0018514134923051893,1.0,1.2176495366786488e-13,True,4,,three_cluster,three_cluster_k10_0,-0.0002288953234826413,False,0.0018514134923051893,0.15625783300492913,CLARABEL/CLARABEL,design=optimal; certificate=optimal; extraction=rank-one-lmi-nullspace; candidates=1,True
0.00014031004700540268,False,1.9202765420195647,0.0001475851993249567,1.0,1.1430975889835207e-13,True,6,,three_cluster,three_cluster_k10_0,-7.2751523195540245e-06,False,0.0001475851993249567,0.5222118750098161,CLARABEL/CLARABEL,design=optimal; certificate=optimal; extraction=rank-one-lmi-nullspace; candidates=1,True
9.031764939004019e-06,False,1.9202765420195647,1.0825002485369528e-05,1.0,1.137322281428944e-13,True,8,,three_cluster,three_cluster_k10_0,-1.7932375463655088e-06,False,1.0825002485369528e-05,1.0814742499496788,CLARABEL/CLARABEL,design=optimal; certificate=optimal; extraction=rank-one-lmi-nullspace; candidates=1,True
0.1408477066290766,False,1.9022982500027865,0.14084770662912305,1.0,2.1761469943767749e-13,True,2,,three_cluster,three_cluster_k10_1,-4.643507800494717e-14,False,0.14084770662912305,0.00011245894711464643,linear algebra,exact degree-two moment calculation,True
0.01430430699431981,False,1.9022982500027865,0.03280646636950485,1.0,3.779424012036552e-13,True,3,,three_cluster,three_cluster_k10_1,-0.01850215937518504,False,0.03280646636950485,0.12862258299719542,CLARABEL/CLARABEL,design=optimal; certificate=optimal; extraction=rank-one-lmi-nullspace; candidates=1,True
0.0018237486417426252,False,1.9022982500027865,0.0068113381335237755,1.0,1.8695103167540264e-13,True,4,,three_cluster,three_cluster_k10_1,-0.00498758949178115,False,0.0068113381335237755,0.2046910420176573,CLARABEL/CLARABEL,design=optimal; certificate=optimal; extraction=rank-one-lmi-nullspace; candidates=1,True
0.0002616972111427718,False,1.9022982500027865,0.00045147359117873875,1.0,1.1888732388327546e-13,True,6,,three_cluster,three_cluster_k10_1,-0.00018977638003596695,False,0.00045147359117873875,0.4227864589774981,CLARABEL/CLARABEL,design=optimal; certificate=optimal; extraction=rank-one-lmi-nullspace; candidates=1,True
2.2355293920033953e-05,False,1.9022982500027865,3.2663746888069345e-05,1.0,1.140867418834709e-13,True,8,,three_cluster,three_cluster_k10_1,-1.0308452968035392e-05,False,3.2663746888069345e-05,1.1455173330032267,CLARABEL/CLARABEL,design=optimal; certificate=optimal; extraction=rank-one-lmi-nullspace; candidates=1,True
0.005810981686515205,False,1.2863706250209361,0.005810981686553571,1.0,1.5469462525795657e-13,True,2,,three_cluster,three_cluster_k10_2,-3.8366011756441054e-14,False,0.005810981686553571,0.0003819169942289591,linear algebra,exact degree-two moment calculation,True
0.0035331059078479773,False,1.2863706250209361,0.003632928775573488,1.0,1.376737577852998e-13,True,3,,three_cluster,three_cluster_k10_2,-9.982286772551065e-05,False,0.003632928775573488,0.05740720801986754,CLARABEL/CLARABEL,design=optimal; certificate=optimal; extraction=rank-one-lmi-nullspace; candidates=1,True
0.001098938895035508,False,1.2863706250209361,0.0012681141105782175,1.0,1.214776931670072e-13,True,4,,three_cluster,three_cluster_k10_2,-0.00016917521554270947,False,0.0012681141105782175,0.11427087499760091,CLARABEL/CLARABEL,design=optimal; certificate=optimal; extraction=rank-one-lmi-nullspace; candidates=1,True
9.544343300556416e-05,False,1.2863706250209361,0.00010087119136493452,1.0,1.142843869140363e-13,True,6,,three_cluster,three_cluster_k10_2,-5.4277583593703645e-06,False,0.00010087119136493452,0.3540790830156766,CLARABEL/CLARABEL,design=optimal; certificate=optimal; extraction=rank-one-lmi-nullspace; candidates=1,True
6.051568417979119e-06,False,1.2863706250209361,7.398643696460594e-06,1.0,1.1373039063807819e-13,True,8,,three_cluster,three_cluster_k10_2,-1.3470752784814752e-06,False,7.398643696460594e-06,0.75977583398344,CLARABEL/CLARABEL,design=optimal; certificate=optimal; extraction=rank-one-lmi-nullspace; candidates=1,True
0.13614950910536122,False,1.287608334037941,0.13614950910540743,1.0,2.1582058693234207e-13,True,2,,three_cluster,three_cluster_k10_3,-4.621303340002214e-14,False,0.13614950910540743,8.720799814909697e-05,linear algebra,exact degree-two moment calculation,True
0.0087332029157851,False,1.287608334037941,0.025273948343700114,1.0,4.582278042033136e-13,True,3,,three_cluster,three_cluster_k10_3,-0.016540745427915015,False,0.025273948343700114,0.12001362501177937,CLARABEL/CLARABEL,design=optimal; certificate=optimal; extraction=rank-one-lmi-nullspace; candidates=1,True
0.0011154554932172787,False,1.287608334037941,0.005003038166720819,1.0,2.0461625271376012e-13,True,4,,three_cluster,three_cluster_k10_3,-0.0038875826735035404,False,0.005003038166720819,0.14037304098019376,CLARABEL/CLARABEL,design=optimal; certificate=optimal; extraction=rank-one-lmi-nullspace; candidates=1,True
0.00016837778099085875,False,1.287608334037941,0.0003278776566893477,1.0,1.1996696173718534e-13,True,6,,three_cluster,three_cluster_k10_3,-0.00015949987569848897,False,0.0003278776566893477,0.3705085839610547,CLARABEL/CLARABEL,design=optimal; certificate=optimal; extraction=rank-one-lmi-nullspace; candidates=1,True
1.5794728745883518e-05,False,1.287608334037941,2.370439893660222e-05,1.0,1.141696122813139e-13,True,8,,three_cluster,three_cluster_k10_3,-7.909670190718702e-06,False,2.370439893660222e-05,0.6562111670500599,CLARABEL/CLARABEL,design=optimal; certificate=optimal; extraction=rank-one-lmi-nullspace; candidates=1,True
0.001059834573577088,False,1.4026007080101408,0.0010598345737015402,1.0,4.980149484118891e-13,True,2,,three_cluster,three_cluster_k100_0,-1.244523147730936e-13,False,0.0010598345737015402,8.645898196846247e-05,linear algebra,exact degree-two moment calculation,True
0.000948952825911307,False,1.4026007080101408,0.0010176435348125124,1.0,2.0648191801103374e-13,True,3,,three_cluster,three_cluster_k100_0,-6.869070890120536e-05,False,0.0010176435348125124,0.10777958302060142,CLARABEL/CLARABEL,design=optimal; certificate=optimal; extraction=rank-one-lmi-nullspace; candidates=1,True
0.0007306419208995259,False,1.4026007080101408,0.0009037669346651234,1.0,4.323428232169919e-13,True,4,,three_cluster,three_cluster_k100_0,-0.0001731250137655975,False,0.0009037669346651234,0.06984995899256319,CLARABEL/CLARABEL,design=optimal; certificate=optimal; extraction=rank-one-lmi-nullspace; candidates=1,True
0.0004182679009906471,False,1.4026007080101408,0.0005861750020330347,1.0,3.247179387582067e-13,True,6,,three_cluster,three_cluster_k100_0,-0.00016790710104238764,False,0.0005861750020330347,0.38848554104333743,CLARABEL/CLARABEL,design=optimal; certificate=optimal; extraction=rank-one-lmi-nullspace; candidates=1,True
0.0001556163857270078,False,1.4026007080101408,0.0003175677882179262,1.0,2.275433491598467e-13,True,8,,three_cluster,three_cluster_k100_0,-0.00016195140249091838,False,0.0003175677882179262,0.8360596249694936,CLARABEL/CLARABEL,design=optimal; certificate=optimal; extraction=rank-one-lmi-nullspace; candidates=1,True
0.35457988683848757,False,2.141632082988508,0.3545798868387203,1.0,1.0102208613713821e-12,True,2,,three_cluster,three_cluster_k100_1,-2.3275825711266407e-13,False,0.3545798868387203,8.241704199463129e-05,linear algebra,exact degree-two moment calculation,True
0.3365234792415179,False,2.141632082988508,0.3369871937271416,1.0,3.85926169597873e-13,True,3,,three_cluster,three_cluster_k100_1,-0.00046371448562371187,False,0.3369871937271416,0.15133950003655627,CLARABEL/CLARABEL,design=optimal; certificate=optimal; extraction=rank-one-lmi-nullspace; candidates=1,True
0.28828578844738295,False,2.141632082988508,0.2912728326635111,1.0,7.806391193777437e-13,True,4,,three_cluster,three_cluster_k100_1,-0.002987044216128165,False,0.2912728326635111,0.18042004201561213,CLARABEL/CLARABEL,design=optimal; certificate=optimal; extraction=rank-one-lmi-nullspace; candidates=1,True
0.15587385495160969,False,2.141632082988508,0.17578689156388663,1.0,5.321950185363051e-13,True,6,,three_cluster,three_cluster_k100_1,-0.019913036612276946,False,0.17578689156388663,0.4517087909625843,CLARABEL/CLARABEL,design=optimal; certificate=optimal; extraction=rank-one-lmi-nullspace; candidates=1,True
0.08379387285359358,False,2.141632082988508,0.08993075055092178,1.0,3.204119574414862e-13,True,8,,three_cluster,three_cluster_k100_1,-0.006136877697328208,False,0.08993075055092178,1.3577393750310875,CLARABEL/CLARABEL,design=optimal; certificate=optimal; extraction=rank-one-lmi-nullspace; candidates=1,True
0.0013895898829930588,False,1.7998452500323765,0.0013895898831163128,1.0,4.929056255262461e-13,True,2,,three_cluster,three_cluster_k100_2,-1.2325405453206262e-13,False,0.0013895898831163128,9.129196405410767e-05,linear algebra,exact degree-two moment calculation,True
0.001240993001100086,False,1.7998452500323765,0.0013342661169336856,1.0,2.0601320917760787e-13,True,3,,three_cluster,three_cluster_k100_2,-9.32731158335995e-05,False,0.0013342661169336856,0.07514733402058482,CLARABEL/CLARABEL,design=optimal; certificate=optimal; extraction=rank-one-lmi-nullspace; candidates=1,True
0.0009507162838400656,False,1.7998452500323765,0.0011849739066596282,1.0,4.290140623573251e-13,True,4,,three_cluster,three_cluster_k100_2,-0.0002342576228195626,False,0.0011849739066596282,0.1526611250010319,CLARABEL/CLARABEL,design=optimal; certificate=optimal; extraction=rank-one-lmi-nullspace; candidates=1,True
0.0005585981831707379,False,1.7998452500323765,0.0007690182047441485,1.0,3.2234161198743543e-13,True,6,,three_cluster,three_cluster_k100_2,-0.0002104200215734106,False,0.0007690182047441485,0.38393895904300734,CLARABEL/CLARABEL,design=optimal; certificate=optimal; extraction=rank-one-lmi-nullspace; candidates=1,True
0.00021288105058685726,False,1.7998452500323765,0.0004164178896933282,1.0,2.2611709241651386e-13,True,8,,three_cluster,three_cluster_k100_2,-0.00020353683910647095,False,0.0004164178896933282,1.1875558749889024,CLARABEL/CLARABEL,design=optimal; certificate=optimal; extraction=rank-one-lmi-nullspace; candidates=1,True
0.3786115256006605,False,1.436582540976815,0.3786115256008839,1.0,9.808602341726095e-13,True,2,,three_cluster,three_cluster_k100_3,-2.233768725545815e-13,False,0.3786115256008839,8.820800576359034e-05,linear algebra,exact degree-two moment calculation,True
0.3588480443611571,False,1.436582540976815,0.35980607576266127,1.0,4.271924987821087e-13,True,3,,three_cluster,three_cluster_k100_3,-0.0009580314015041891,False,0.35980607576266127,0.1326247500255704,CLARABEL/CLARABEL,design=optimal; certificate=optimal; extraction=rank-one-lmi-nullspace; candidates=1,True
0.3066236330742741,False,1.436582540976815,0.31095036218716493,1.0,7.594636171605231e-13,True,4,,three_cluster,three_cluster_k100_3,-0.004326729112890837,False,0.31095036218716493,0.24718612496508285,CLARABEL/CLARABEL,design=optimal; certificate=optimal; extraction=rank-one-lmi-nullspace; candidates=1,True
0.16722462051049913,False,1.436582540976815,0.18759413238477513,1.0,5.869840490333642e-13,True,6,,three_cluster,three_cluster_k100_3,-0.020369511874275992,False,0.18759413238477513,0.273167832987383,CLARABEL/CLARABEL,design=optimal; certificate=optimal; extraction=rank-one-lmi-nullspace; candidates=1,True
0.08958735591500139,False,1.436582540976815,0.09594442873945068,1.0,3.605487172883708e-13,True,8,,three_cluster,three_cluster_k100_3,-0.006357072824449292,False,0.09594442873945068,0.7821080419817008,CLARABEL/CLARABEL,design=optimal; certificate=optimal; extraction=rank-one-lmi-nullspace; candidates=1,True
0.0008572445265944079,False,1.3509588330052793,0.0008572445266510353,1.0,2.2646411020657577e-13,True,2,,three_cluster,three_cluster_k1000_0,-5.66274457880489e-14,False,0.0008572445266510353,9.545899229124188e-05,linear algebra,exact degree-two moment calculation,True
0.0007547816517301073,False,1.3509588330052793,0.0008537453921206861,1.0,2.2597566230069287e-13,True,3,,three_cluster,three_cluster_k1000_0,-9.89637403905788e-05,False,0.0008537453921206861,0.08686325000599027,CLARABEL/CLARABEL,design=optimal; certificate=optimal; extraction=rank-one-lmi-nullspace; candidates=1,True
0.0004987507422073471,False,1.3509588330052793,0.0008433032540342555,1.0,2.245433394210843e-13,True,4,,three_cluster,three_cluster_k1000_0,-0.00034455251182690847,False,0.0008433032540342555,0.17785258300136775,CLARABEL/CLARABEL,design=optimal; certificate=optimal; extraction=rank-one-lmi-nullspace; candidates=1,True
6.0916242345787844e-05,False,1.3509588330052793,0.0008032932251121894,1.0,2.1908163284202813e-13,True,6,,three_cluster,three_cluster_k1000_0,-0.0007423769827664016,False,0.0008032932251121894,0.35733587498543784,CLARABEL/CLARABEL,design=optimal; certificate=optimal; extraction=rank-one-lmi-nullspace; candidates=1,True
0.0002466193364819912,False,1.3509588330052793,0.0007421899763906947,1.0,2.1087886897613016e-13,True,8,,three_cluster,three_cluster_k1000_0,-0.0004955706399087036,False,0.0007421899763906947,0.7281898339861073,CLARABEL/CLARABEL,design=optimal; certificate=optimal; extraction=rank-one-lmi-nullspace; candidates=1,True
0.458240664389002,False,1.3323566669714637,0.45824066439082767,1.0,7.40109242791637e-12,True,2,,three_cluster,three_cluster_k1000_1,-1.8256507416936074e-12,False,0.45824066439082767,8.858402725309134e-05,linear algebra,exact degree-two moment calculation,True
0.45616167164862703,False,1.3323566669714637,0.45628155266155535,1.0,1.5952282815878509e-12,True,3,,three_cluster,three_cluster_k1000_1,-0.00011988101292831344,False,0.45628155266155535,0.05857404100243002,CLARABEL/CLARABEL,design=optimal; certificate=optimal; extraction=rank-one-lmi-nullspace; candidates=1,True
0.45005025547394995,False,1.3323566669714637,0.4504720607051853,1.0,7.146248741963812e-12,True,4,,three_cluster,three_cluster_k1000_1,-0.0004218052312353615,False,0.4504720607051853,0.10513429105048999,CLARABEL/CLARABEL,design=optimal; certificate=optimal; extraction=rank-one-lmi-nullspace; candidates=1,True
0.4266762743247164,False,1.3323566669714637,0.4282306443432544,1.0,6.900743020852986e-12,True,6,,three_cluster,three_cluster_k1000_1,-0.0015543700185380316,False,0.4282306443432544,0.3720630410243757,CLARABEL/CLARABEL,design=optimal; certificate=optimal; extraction=rank-one-lmi-nullspace; candidates=1,True
0.38980573490203274,False,1.3323566669714637,0.39437276917140185,1.0,6.347527451157119e-12,True,8,,three_cluster,three_cluster_k1000_1,-0.004567034269369108,False,0.39437276917140185,0.7789534160401672,CLARABEL/CLARABEL,design=optimal; certificate=optimal; extraction=rank-one-lmi-nullspace; candidates=1,True
0.0008499189874433818,False,2.1981195409898646,0.0008499189874999757,1.0,2.2646497097335518e-13,True,2,,three_cluster,three_cluster_k1000_2,-5.65939439409191e-14,False,0.0008499189874999757,0.00010412500705569983,linear algebra,exact degree-two moment calculation,True
0.00074815109046203,False,2.1981195409898646,0.0008464502002116792,1.0,2.2597654496584093e-13,True,3,,three_cluster,three_cluster_k1000_2,-9.829910974964919e-05,False,0.0008464502002116792,0.08647899999050424,CLARABEL/CLARABEL,design=optimal; certificate=optimal; extraction=rank-one-lmi-nullspace; candidates=1,True
0.0004937768101187536,False,2.1981195409898646,0.0008360962412364836,1.0,2.2454417044130842e-13,True,4,,three_cluster,three_cluster_k1000_2,-0.00034231943111773006,False,0.0008360962412364836,0.2774761249893345,CLARABEL/CLARABEL,design=optimal; certificate=optimal; extraction=rank-one-lmi-nullspace; candidates=1,True
5.7685703720198556e-05,False,2.1981195409898646,0.0007964300314416972,1.0,2.1908234473365452e-13,True,6,,three_cluster,three_cluster_k1000_2,-0.0007387443277214986,False,0.0007964300314416972,0.4090777919627726,CLARABEL/CLARABEL,design=optimal; certificate=optimal; extraction=rank-one-lmi-nullspace; candidates=1,True
0.00024087092816645625,False,2.1981195409898646,0.0007358883702762165,1.0,2.1087878650816068e-13,True,8,,three_cluster,three_cluster_k1000_2,-0.0004950174421097602,False,0.0007358883702762165,1.424629624991212,CLARABEL/CLARABEL,design=optimal; certificate=optimal; extraction=rank-one-lmi-nullspace; candidates=1,True
0.5142610008824864,False,2.055742792028468,0.5142610008843871,1.0,7.76470675358771e-12,True,2,,three_cluster,three_cluster_k1000_3,-1.900701818158268e-12,False,0.5142610008843871,8.683401392772794e-05,linear algebra,exact degree-two moment calculation,True
0.5118973284905075,False,2.055742792028468,0.5120048558602086,1.0,1.6762492677274533e-12,True,3,,three_cluster,three_cluster_k1000_3,-0.00010752736970109922,False,0.5120048558602086,0.04061029100557789,CLARABEL/CLARABEL,design=optimal; certificate=optimal; extraction=rank-one-lmi-nullspace; candidates=1,True
0.5049266143845524,False,2.055742792028468,0.5053176084508921,1.0,7.516373885176591e-12,True,4,,three_cluster,three_cluster_k1000_3,-0.00039099406633968936,False,0.5053176084508921,0.3102432090090588,CLARABEL/CLARABEL,design=optimal; certificate=optimal; extraction=rank-one-lmi-nullspace; candidates=1,True
0.47807170650744457,False,2.055742792028468,0.4797510916630934,1.0,7.224905988524977e-12,True,6,,three_cluster,three_cluster_k1000_3,-0.0016793851556488049,False,0.4797510916630934,0.5942742089973763,CLARABEL/CLARABEL,design=optimal; certificate=optimal; extraction=rank-one-lmi-nullspace; candidates=1,True
0.4349614670109582,False,2.055742792028468,0.44097158784723245,1.0,6.649117966382293e-12,True,8,,three_cluster,three_cluster_k1000_3,-0.006010120836274224,False,0.44097158784723245,1.1101721670129336,CLARABEL/CLARABEL,design=optimal; certificate=optimal; extraction=rank-one-lmi-nullspace; candidates=1,True
0.022962627616253926,False,1.4064761669724248,0.022962627616296347,1.0,1.7488175796465977e-13,True,2,,log_uniform,log_uniform_k10_0,-4.242092788153684e-14,False,0.022962627616296347,9.241700172424316e-05,linear algebra,exact degree-two moment calculation,True
0.006816560086818113,False,1.4064761669724248,0.014344193211565201,1.0,1.4872069695079347e-13,True,3,,log_uniform,log_uniform_k10_0,-0.007527633124747088,False,0.014344193211565201,0.1295712090213783,CLARABEL/CLARABEL,design=optimal; certificate=optimal; extraction=rank-one-lmi-nullspace; candidates=1,True
0.0019596623967515522,False,1.4064761669724248,0.005002588159049533,1.0,1.2497405567830686e-13,True,4,,log_uniform,log_uniform_k10_0,-0.0030429257622979805,False,0.005002588159049533,0.1884608749533072,CLARABEL/CLARABEL,design=optimal; certificate=optimal; extraction=rank-one-lmi-nullspace; candidates=1,True
0.00016486344315348172,False,1.4064761669724248,0.0003977285465263424,1.0,1.14550613717109e-13,True,6,,log_uniform,log_uniform_k10_0,-0.00023286510337286066,False,0.0003977285465263424,0.3719451669603586,CLARABEL/CLARABEL,design=optimal; certificate=optimal; extraction=rank-one-lmi-nullspace; candidates=1,True
1.4326987920927358e-05,False,1.4064761669724248,2.9157638355852003e-05,1.0,1.137501992398022e-13,True,8,,log_uniform,log_uniform_k10_0,-1.4830650434924645e-05,False,2.9157638355852003e-05,0.7158604589640163,CLARABEL/CLARABEL,design=optimal; certificate=optimal; extraction=rank-one-lmi-nullspace; candidates=1,True
0.08630255362401147,False,1.3005089579964988,0.0863025536240495,1.0,1.716138061473048e-13,True,2,,log_uniform,log_uniform_k10_1,-3.802513859341161e-14,False,0.0863025536240495,8.533400250598788e-05,linear algebra,exact degree-two moment calculation,True
0.026065484426504765,False,1.3005089579964988,0.05045413069549056,1.0,1.419426275810743e-13,True,3,,log_uniform,log_uniform_k10_1,-0.024388646268985795,False,0.05045413069549056,0.06954037502873689,CLARABEL/CLARABEL,design=optimal; certificate=optimal; extraction=rank-one-lmi-nullspace; candidates=1,True
0.0064543530542707,False,1.3005089579964988,0.016452536962525233,1.0,1.217908119581241e-13,True,4,,log_uniform,log_uniform_k10_1,-0.009998183908254533,False,0.016452536962525233,0.1271272079902701,CLARABEL/CLARABEL,design=optimal; certificate=optimal; extraction=rank-one-lmi-nullspace; candidates=1,True
0.0005624066633384102,False,1.3005089579964988,0.0012674364907995141,1.0,1.142883583402386e-13,True,6,,log_uniform,log_uniform_k10_1,-0.0007050298274611039,False,0.0012674364907995141,0.34847562498180196,CLARABEL/CLARABEL,design=optimal; certificate=optimal; extraction=rank-one-lmi-nullspace; candidates=1,True
4.934691722906502e-05,False,1.3005089579964988,9.267275011190325e-05,1.0,1.137315819856795e-13,True,8,,log_uniform,log_uniform_k10_1,-4.3325832882838235e-05,False,9.267275011190325e-05,0.754909957991913,CLARABEL/CLARABEL,design=optimal; certificate=optimal; extraction=rank-one-lmi-nullspace; candidates=1,True
0.019750329006950496,False,0.8918924580211751,0.0197503290069928,1.0,1.7375254116825058e-13,True,2,,log_uniform,log_uniform_k10_2,-4.230296668517042e-14,False,0.0197503290069928,8.820899529382586e-05,linear algebra,exact degree-two moment calculation,True
0.005621400912136275,False,0.8918924580211751,0.012416958925543602,1.0,1.4855164167938694e-13,True,3,,log_uniform,log_uniform_k10_2,-0.0067955580134073275,False,0.012416958925543602,0.0696964169619605,CLARABEL/CLARABEL,design=optimal; certificate=optimal; extraction=rank-one-lmi-nullspace; candidates=1,True
0.0013872165869744568,False,0.8918924580211751,0.004360882374295685,1.0,1.2504462469861185e-13,True,4,,log_uniform,log_uniform_k10_2,-0.0029736657873212276,False,0.004360882374295685,0.06869425001787022,CLARABEL/CLARABEL,design=optimal; certificate=optimal; extraction=rank-one-lmi-nullspace; candidates=1,True
0.00017657184185572084,False,0.8918924580211751,0.00034792084429935487,1.0,1.1456786056951152e-13,True,6,,log_uniform,log_uniform_k10_2,-0.00017134900244363403,False,0.00034792084429935487,0.20077158301137388,CLARABEL/CLARABEL,design=optimal; certificate=optimal; extraction=rank-one-lmi-nullspace; candidates=1,True
1.3685518964470761e-05,False,0.8918924580211751,2.5513038499395686e-05,1.0,1.137513229450533e-13,True,8,,log_uniform,log_uniform_k10_2,-1.1827519534924925e-05,False,2.5513038499395686e-05,0.5522270419751294,CLARABEL/CLARABEL,design=optimal; certificate=optimal; extraction=rank-one-lmi-nullspace; candidates=1,True
0.08084629378930826,False,0.7242721249931492,0.08084629378935304,1.0,1.9761221123166123e-13,True,2,,log_uniform,log_uniform_k10_3,-4.478362125581725e-14,False,0.08084629378935304,8.754199370741844e-05,linear algebra,exact degree-two moment calculation,True
0.025912464079932546,False,0.7242721249931492,0.047527014379658304,1.0,1.5587445898263356e-13,True,3,,log_uniform,log_uniform_k10_3,-0.021614550299725758,False,0.047527014379658304,0.04026166698895395,CLARABEL/CLARABEL,design=optimal; certificate=optimal; extraction=rank-one-lmi-nullspace; candidates=1,True
0.007342778522190921,False,0.7242721249931492,0.01558017752469298,1.0,1.2590986925253597e-13,True,4,,log_uniform,log_uniform_k10_3,-0.00823739900250206,False,0.01558017752469298,0.06564204196911305,CLARABEL/CLARABEL,design=optimal; certificate=optimal; extraction=rank-one-lmi-nullspace; candidates=1,True
0.0004970425528947863,False,0.7242721249931492,0.0012030950042068952,1.0,1.145714377087113e-13,True,6,,log_uniform,log_uniform_k10_3,-0.0007060524513121089,False,0.0012030950042068952,0.2476446669897996,CLARABEL/CLARABEL,design=optimal; certificate=optimal; extraction=rank-one-lmi-nullspace; candidates=1,True
3.922437634517678e-05,False,0.7242721249931492,8.798667768603741e-05,1.0,1.1375157229444453e-13,True,8,,log_uniform,log_uniform_k10_3,-4.876230134086063e-05,False,8.798667768603741e-05,0.3702391669503413,CLARABEL/CLARABEL,design=optimal; certificate=optimal; extraction=rank-one-lmi-nullspace; candidates=1,True
0.023137713056241925,False,1.3866443340084516,0.023137713056297,1.0,2.2567023317331932e-13,True,2,,log_uniform,log_uniform_k100_0,-5.507400091531167e-14,False,0.023137713056297,8.787499973550439e-05,linear algebra,exact degree-two moment calculation,True
0.01112667125763519,False,1.3866443340084516,0.02221494428583011,1.0,2.1987033936655518e-13,True,3,,log_uniform,log_uniform_k100_0,-0.01108827302819492,False,0.02221494428583011,0.11146804096642882,CLARABEL/CLARABEL,design=optimal; certificate=optimal; extraction=rank-one-lmi-nullspace; candidates=1,True
0.005893667672973432,False,1.3866443340084516,0.019726308748645283,1.0,2.0735145658395666e-13,True,4,,log_uniform,log_uniform_k100_0,-0.01383264107567185,False,0.019726308748645283,0.11088383302558213,CLARABEL/CLARABEL,design=optimal; certificate=optimal; extraction=rank-one-lmi-nullspace; candidates=1,True
0.006023616574785907,False,1.3866443340084516,0.012788825706715704,1.0,1.743493934586358e-13,True,6,,log_uniform,log_uniform_k100_0,-0.006765209131929796,False,0.012788825706715704,0.2887264580349438,CLARABEL/CLARABEL,design=optimal; certificate=optimal; extraction=rank-one-lmi-nullspace; candidates=1,True
0.003868015806012438,False,1.3866443340084516,0.006926601273690998,1.0,1.4646045509208348e-13,True,8,,log_uniform,log_uniform_k100_0,-0.00305858546767856,False,0.006926601273690998,0.875049541995395,CLARABEL/CLARABEL,design=optimal; certificate=optimal; extraction=rank-one-lmi-nullspace; candidates=1,True
0.3787595352518737,False,1.4653662499622442,0.3787595352519547,1.0,4.098324522375886e-13,True,2,,log_uniform,log_uniform_k100_1,-8.099076964640517e-14,False,0.3787595352519547,8.645799243822694e-05,linear algebra,exact degree-two moment calculation,True
0.29670383714326604,False,1.4653662499622442,0.3619485570509511,1.0,3.8821080873123117e-13,True,3,,log_uniform,log_uniform_k100_1,-0.06524471990768504,False,0.3619485570509511,0.1074398749624379,CLARABEL/CLARABEL,design=optimal; certificate=optimal; extraction=rank-one-lmi-nullspace; candidates=1,True
0.2122798790242911,False,1.4653662499622442,0.3173877101949091,1.0,3.46421918521366e-13,True,4,,log_uniform,log_uniform_k100_1,-0.10510783117061798,False,0.3173877101949091,0.14210412499960512,CLARABEL/CLARABEL,design=optimal; certificate=optimal; extraction=rank-one-lmi-nullspace; candidates=1,True
0.10013070945718384,False,1.4653662499622442,0.19883817102423618,1.0,2.5159954913522064e-13,True,6,,log_uniform,log_uniform_k100_1,-0.09870746156705233,False,0.19883817102423618,0.34684287500567734,CLARABEL/CLARABEL,design=optimal; certificate=optimal; extraction=rank-one-lmi-nullspace; candidates=1,True
0.048003732736039584,False,1.4653662499622442,0.10468475136144663,1.0,1.840015443728337e-13,True,8,,log_uniform,log_uniform_k100_1,-0.056681018625407045,False,0.10468475136144663,0.8680885000503622,CLARABEL/CLARABEL,design=optimal; certificate=optimal; extraction=rank-one-lmi-nullspace; candidates=1,True
0.030077007660262157,False,1.8057632080162875,0.03007700766031718,1.0,2.2688985643143414e-13,True,2,,log_uniform,log_uniform_k100_2,-5.502195921103237e-14,False,0.03007700766031718,9.383301949128509e-05,linear algebra,exact degree-two moment calculation,True
0.013692410101010457,False,1.8057632080162875,0.028875343094204725,1.0,2.2056188124187677e-13,True,3,,log_uniform,log_uniform_k100_2,-0.015182932993194268,False,0.028875343094204725,0.10589854198042303,CLARABEL/CLARABEL,design=optimal; certificate=optimal; extraction=rank-one-lmi-nullspace; candidates=1,True
0.006910563738916259,False,1.8057632080162875,0.025635467589356184,1.0,2.077853728371078e-13,True,4,,log_uniform,log_uniform_k100_2,-0.018724903850439924,False,0.025635467589356184,0.13394120801240206,CLARABEL/CLARABEL,design=optimal; certificate=optimal; extraction=rank-one-lmi-nullspace; candidates=1,True
0.008182125176925462,False,1.8057632080162875,0.01661012060240126,1.0,1.747363632354767e-13,True,6,,log_uniform,log_uniform_k100_2,-0.008427995425475798,False,0.01661012060240126,0.49180483300006017,CLARABEL/CLARABEL,design=optimal; certificate=optimal; extraction=rank-one-lmi-nullspace; candidates=1,True
0.00434722597049262,False,1.8057632080162875,0.008991176109689233,1.0,1.4656324558995734e-13,True,8,,log_uniform,log_uniform_k100_2,-0.004643950139196613,False,0.008991176109689233,1.0735195420566015,CLARABEL/CLARABEL,design=optimal; certificate=optimal; extraction=rank-one-lmi-nullspace; candidates=1,True
0.3430009874088094,False,1.6043480840162374,0.3430009874088635,1.0,2.9442232201438867e-13,True,2,,log_uniform,log_uniform_k100_3,-5.4067861299245124e-14,False,0.3430009874088635,0.00016854098066687584,linear algebra,exact degree-two moment calculation,True
0.26071078746954507,False,1.6043480840162374,0.3280866485258032,1.0,2.7865352276143337e-13,True,3,,log_uniform,log_uniform_k100_3,-0.06737586105625815,False,0.3280866485258032,0.0694101249682717,CLARABEL/CLARABEL,design=optimal; certificate=optimal; extraction=rank-one-lmi-nullspace; candidates=1,True
0.17897927590247875,False,1.6043480840162374,0.2884166103990538,1.0,2.5228754160591466e-13,True,4,,log_uniform,log_uniform_k100_3,-0.10943733449657506,False,0.2884166103990538,0.2432447909959592,CLARABEL/CLARABEL,design=optimal; certificate=optimal; extraction=rank-one-lmi-nullspace; candidates=1,True
0.0774790210504898,False,1.6043480840162374,0.18190502594762512,1.0,1.9567523055895194e-13,True,6,,log_uniform,log_uniform_k100_3,-0.10442600489713531,False,0.18190502594762512,0.42916983301984146,CLARABEL/CLARABEL,design=optimal; certificate=optimal; extraction=rank-one-lmi-nullspace; candidates=1,True
0.043050734853721837,False,1.6043480840162374,0.09628211775199552,1.0,1.5676806665959634e-13,True,8,,log_uniform,log_uniform_k100_3,-0.053231382898273685,False,0.09628211775199552,0.8617066250299104,CLARABEL/CLARABEL,design=optimal; certificate=optimal_inaccurate; extraction=rank-one-lmi-nullspace; candidates=1,True
0.02774987830798082,False,1.189185000024736,0.027749878308037504,1.0,2.328805963824947e-13,True,2,,log_uniform,log_uniform_k1000_0,-5.668382430101815e-14,False,0.027749878308037504,8.43749730847776e-05,linear algebra,exact degree-two moment calculation,True
0.013302280616084239,False,1.189185000024736,0.027638941856806376,1.0,2.3077351402096734e-13,True,3,,log_uniform,log_uniform_k1000_0,-0.014336661240722137,False,0.027638941856806376,0.06474225001875311,CLARABEL/CLARABEL,design=optimal; certificate=optimal; extraction=rank-one-lmi-nullspace; candidates=1,True
0.00842737691542949,False,1.189185000024736,0.027309595757278635,1.0,2.288399643334337e-13,True,4,,log_uniform,log_uniform_k1000_0,-0.018882218841849145,False,0.027309595757278635,0.14141499996185303,CLARABEL/CLARABEL,design=optimal; certificate=optimal; extraction=rank-one-lmi-nullspace; candidates=1,True
0.012122615274674248,False,1.189185000024736,0.026049542640175977,1.0,2.2395739388479666e-13,True,6,,log_uniform,log_uniform_k1000_0,-0.013926927365501728,False,0.026049542640175977,0.2586353329825215,CLARABEL/CLARABEL,design=optimal; certificate=optimal; extraction=rank-one-lmi-nullspace; candidates=1,True
0.014362965113863395,False,1.189185000024736,0.024114122593966628,1.0,2.160805715153036e-13,True,8,,log_uniform,log_uniform_k1000_0,-0.009751157480103233,False,0.024114122593966628,0.7239827500307001,CLARABEL/CLARABEL,design=optimal; certificate=optimal; extraction=rank-one-lmi-nullspace; candidates=1,True
0.5120063054793571,False,1.4305474170250818,0.5120063054794136,1.0,3.423663593303983e-13,True,2,,log_uniform,log_uniform_k1000_1,-5.651035195342047e-14,False,0.5120063054794136,8.73749959282577e-05,linear algebra,exact degree-two moment calculation,True
0.44900812461701184,False,1.4305474170250818,0.5099249514356768,1.0,3.3450314954259476e-13,True,3,,log_uniform,log_uniform_k1000_1,-0.060916826818665004,False,0.5099249514356768,0.2195455830078572,CLARABEL/CLARABEL,design=optimal; certificate=optimal; extraction=rank-one-lmi-nullspace; candidates=1,True
0.3907331223433449,False,1.4305474170250818,0.5037487105293554,1.0,3.257977911519443e-13,True,4,,log_uniform,log_uniform_k1000_1,-0.11301558818601054,False,0.5037487105293554,0.15866733295843005,CLARABEL/CLARABEL,design=optimal; certificate=optimal; extraction=rank-one-lmi-nullspace; candidates=1,True
0.28404923493332845,False,1.4305474170250818,0.4800265847049303,1.0,3.056838253120396e-13,True,6,,log_uniform,log_uniform_k1000_1,-0.19597734977160186,False,0.4800265847049303,0.37176783400354907,CLARABEL/CLARABEL,design=optimal; certificate=optimal; extraction=rank-one-lmi-nullspace; candidates=1,True
0.24364165757586062,False,1.4305474170250818,0.44370671197400224,1.0,2.888832934345435e-13,True,8,,log_uniform,log_uniform_k1000_1,-0.20006505439814162,False,0.44370671197400224,0.6800597910187207,CLARABEL/CLARABEL,design=optimal; certificate=optimal; extraction=rank-one-lmi-nullspace; candidates=1,True
0.02732088751239932,False,1.404315542022232,0.027320887512455927,1.0,2.3283731372807055e-13,True,2,,log_uniform,log_uniform_k1000_2,-5.660749646807517e-14,False,0.027320887512455927,8.766702376306057e-05,linear algebra,exact degree-two moment calculation,True
0.012957762144463364,False,1.404315542022232,0.027211641289826366,1.0,2.3073950404364597e-13,True,3,,log_uniform,log_uniform_k1000_2,-0.014253879145363002,False,0.027211641289826366,0.04169304098468274,CLARABEL/CLARABEL,design=optimal; certificate=optimal; extraction=rank-one-lmi-nullspace; candidates=1,True
0.007001046082679562,False,1.404315542022232,0.026887354465318786,1.0,2.286833624131557e-13,True,4,,log_uniform,log_uniform_k1000_2,-0.019886308382639224,False,0.026887354465318786,0.1846124169533141,CLARABEL/CLARABEL,design=optimal; certificate=optimal; extraction=rank-one-lmi-nullspace; candidates=1,True
0.014745893156904551,False,1.404315542022232,0.025642760296212833,1.0,2.242582591195364e-13,True,6,,log_uniform,log_uniform_k1000_2,-0.010896867139308281,False,0.025642760296212833,0.402222000004258,CLARABEL/CLARABEL,design=optimal; certificate=optimal; extraction=rank-one-lmi-nullspace; candidates=1,True
0.010688468094617157,False,1.404315542022232,0.023732081953989265,1.0,2.1567549614412476e-13,True,8,,log_uniform,log_uniform_k1000_2,-0.013043613859372107,False,0.023732081953989265,0.7752983330283314,CLARABEL/CLARABEL,design=optimal; certificate=optimal; extraction=rank-one-lmi-nullspace; candidates=1,True
0.5774534428800389,False,1.4451197910238989,0.5774534428800953,1.0,3.572877609134666e-13,True,2,,log_uniform,log_uniform_k1000_3,-5.639932965095795e-14,False,0.5774534428800953,0.00010233302600681782,linear algebra,exact degree-two moment calculation,True
0.5164358230928894,False,1.4451197910238989,0.575092252488552,1.0,3.496123135068682e-13,True,3,,log_uniform,log_uniform_k1000_3,-0.058656429395662624,False,0.575092252488552,0.1201721669640392,CLARABEL/CLARABEL,design=optimal; certificate=optimal; extraction=rank-one-lmi-nullspace; candidates=1,True
0.4536652867120956,False,1.4451197910238989,0.5680863040362787,1.0,3.402854222624128e-13,True,4,,log_uniform,log_uniform_k1000_3,-0.11442101732418308,False,0.5680863040362787,0.14702691696584225,CLARABEL/CLARABEL,design=optimal; certificate=optimal; extraction=rank-one-lmi-nullspace; candidates=1,True
0.3215145131875593,False,1.4451197910238989,0.5411914322112688,1.0,3.1685708169740596e-13,True,6,,log_uniform,log_uniform_k1000_3,-0.21967691902370945,False,0.5411914322112688,0.41164054098771885,CLARABEL/CLARABEL,design=optimal; certificate=optimal; extraction=rank-one-lmi-nullspace; candidates=1,True
0.27040361925472484,False,1.4451197910238989,0.5000307002218111,1.0,2.982113665830707e-13,True,8,,log_uniform,log_uniform_k1000_3,-0.22962708096708623,False,0.5000307002218111,0.7655562500003725,CLARABEL/CLARABEL,design=optimal; certificate=optimal; extraction=rank-one-lmi-nullspace; candidates=1,True
0.03635763805257579,False,1.7273497919668444,0.03635763805261549,1.0,1.6728537886855355e-13,True,2,,single_outlier,single_outlier_k10_0,-3.970435091815716e-14,False,0.03635763805261549,0.00012254202738404274,linear algebra,exact degree-two moment calculation,True
0.010290580783736682,False,1.7273497919668444,0.021652666187820135,1.0,1.4221003441496945e-13,True,3,,single_outlier,single_outlier_k10_0,-0.011362085404083453,False,0.021652666187820135,0.0692647920222953,CLARABEL/CLARABEL,design=optimal; certificate=optimal; extraction=rank-one-lmi-nullspace; candidates=1,True
0.003187143459369154,False,1.7273497919668444,0.007188131674325559,1.0,1.225071347967858e-13,True,4,,single_outlier,single_outlier_k10_0,-0.004000988214956406,False,0.007188131674325559,0.16033983399393037,CLARABEL/CLARABEL,design=optimal; certificate=optimal; extraction=rank-one-lmi-nullspace; candidates=1,True
0.00033631078246687323,False,1.7273497919668444,0.0005582485418709896,1.0,1.1436686965123777e-13,True,6,,single_outlier,single_outlier_k10_0,-0.00022193775940411637,False,0.0005582485418709896,0.47315887501463294,CLARABEL/CLARABEL,design=optimal; certificate=optimal_inaccurate; extraction=rank-one-lmi-nullspace; candidates=1,True
2.0401920797379784e-05,False,1.7273497919668444,4.0847038730981296e-05,1.0,1.1373597505848688e-13,True,8,,single_outlier,single_outlier_k10_0,-2.0445117933601512e-05,False,4.0847038730981296e-05,1.0238066669553518,CLARABEL/CLARABEL,design=optimal; certificate=optimal; extraction=rank-one-lmi-nullspace; candidates=1,True
0.04879317699155701,False,1.2847230830229819,0.04879317699192054,1.0,1.4675031264178348e-12,True,2,,single_outlier,single_outlier_k10_1,-3.635286516256997e-13,False,0.04879317699192054,0.0002983330050483346,linear algebra,exact degree-two moment calculation,True
0.0199381130692099,False,1.2847230830229819,0.028890557488925772,1.0,8.222319135203375e-13,True,3,,single_outlier,single_outlier_k10_1,-0.008952444419715874,False,0.028890557488925772,0.04519808304030448,CLARABEL/CLARABEL,design=optimal; certificate=optimal; extraction=rank-one-lmi-nullspace; candidates=1,True
0.005149046605917981,False,1.2847230830229819,0.009536653082048818,1.0,3.179555315878474e-13,True,4,,single_outlier,single_outlier_k10_1,-0.0043876064761308375,False,0.009536653082048818,0.1620480419951491,CLARABEL/CLARABEL,design=optimal; certificate=optimal; extraction=rank-one-lmi-nullspace; candidates=1,True
0.0003968918155489268,False,1.2847230830229819,0.0007387326161284666,1.0,1.2847366228161914e-13,True,6,,single_outlier,single_outlier_k10_1,-0.0003418408005795398,False,0.0007387326161284666,0.3566246669506654,CLARABEL/CLARABEL,design=optimal; certificate=optimal; extraction=rank-one-lmi-nullspace; candidates=1,True
3.059625624871048e-05,False,1.2847230830229819,5.4043058451141426e-05,1.0,1.147629469858907e-13,True,8,,single_outlier,single_outlier_k10_1,-2.3446802202430947e-05,False,5.4043058451141426e-05,0.7195647499756888,CLARABEL/CLARABEL,design=optimal; certificate=optimal; extraction=rank-one-lmi-nullspace; candidates=1,True
0.017985485992102607,False,1.34067662502639,0.01798548599223765,1.0,5.449412157977525e-13,True,2,,single_outlier,single_outlier_k10_2,-1.3504128371089053e-13,False,0.01798548599223765,8.612498641014099e-05,linear algebra,exact degree-two moment calculation,True
0.006816570858569173,False,1.34067662502639,0.011317053004659655,1.0,3.6827593644709405e-13,True,3,,single_outlier,single_outlier_k10_2,-0.004500482146090482,False,0.011317053004659655,0.13789166696369648,CLARABEL/CLARABEL,design=optimal; certificate=optimal; extraction=rank-one-lmi-nullspace; candidates=1,True
0.0019552853066392767,False,1.34067662502639,0.003978310651647436,1.0,1.9691319615562696e-13,True,4,,single_outlier,single_outlier_k10_2,-0.0020230253450081595,False,0.003978310651647436,0.11059495899826288,CLARABEL/CLARABEL,design=optimal; certificate=optimal; extraction=rank-one-lmi-nullspace; candidates=1,True
0.000178187727218259,False,1.34067662502639,0.00031754465175181865,1.0,1.2008544708165535e-13,True,6,,single_outlier,single_outlier_k10_2,-0.00013935692453355964,False,0.00031754465175181865,0.3918032909859903,CLARABEL/CLARABEL,design=optimal; certificate=optimal_inaccurate; extraction=rank-one-lmi-nullspace; candidates=1,True
1.2810655572517365e-05,False,1.34067662502639,2.3286972748810315e-05,1.0,1.1415445805633208e-13,True,8,,single_outlier,single_outlier_k10_2,-1.047631717629295e-05,False,2.3286972748810315e-05,0.6999177919933572,CLARABEL/CLARABEL,design=optimal; certificate=optimal; extraction=rank-one-lmi-nullspace; candidates=1,True
0.053943615042889914,False,1.4712582500069402,0.05394361504331213,1.0,1.6989369404350697e-12,True,2,,single_outlier,single_outlier_k10_3,-4.2221781626494703e-13,False,0.05394361504331213,8.391699520871043e-05,linear algebra,exact degree-two moment calculation,True
0.022695706339058777,False,1.4712582500069402,0.03152907391573234,1.0,9.229594445688343e-13,True,3,,single_outlier,single_outlier_k10_3,-0.008833367576673565,False,0.03152907391573234,0.15885916701518,CLARABEL/CLARABEL,design=optimal; certificate=optimal; extraction=rank-one-lmi-nullspace; candidates=1,True
0.0055572057609531355,False,1.4712582500069402,0.010278972862995395,1.0,3.4117100620158663e-13,True,4,,single_outlier,single_outlier_k10_3,-0.004721767102042259,False,0.010278972862995395,0.14296425000065938,CLARABEL/CLARABEL,design=optimal; certificate=optimal; extraction=rank-one-lmi-nullspace; candidates=1,True
0.00041216056453551085,False,1.4712582500069402,0.0007918075198811228,1.0,1.2996680022067282e-13,True,6,,single_outlier,single_outlier_k10_3,-0.00037964695534561195,False,0.0007918075198811228,0.41626783297397196,CLARABEL/CLARABEL,design=optimal; certificate=optimal; extraction=rank-one-lmi-nullspace; candidates=1,True
3.12864782902361e-05,False,1.4712582500069402,5.78936406721766e-05,1.0,1.148700613094466e-13,True,8,,single_outlier,single_outlier_k10_3,-2.66071623819405e-05,False,5.78936406721766e-05,0.750799959001597,CLARABEL/CLARABEL,design=optimal; certificate=optimal; extraction=rank-one-lmi-nullspace; candidates=1,True
0.03909497278017773,False,11.112411625043023,0.0390949727810046,1.0,3.3289721786034275e-12,True,2,,single_outlier,single_outlier_k100_0,-8.268732920591049e-13,False,0.0390949727810046,9.308301378041506e-05,linear algebra,exact degree-two moment calculation,True
0.030852389186127222,False,11.112411625043023,0.03662007313617188,1.0,1.1488110588603146e-11,True,3,,single_outlier,single_outlier_k100_0,-0.00576768395004466,False,0.03662007313617188,0.10246445803204551,CLARABEL/CLARABEL,design=optimal; certificate=optimal; extraction=rank-one-lmi-nullspace; candidates=1,True
0.016035960535774666,False,11.112411625043023,0.030509772397522283,1.0,2.3267350537723975e-11,True,4,,single_outlier,single_outlier_k100_0,-0.014473811861747617,False,0.030509772397522283,0.10536545800277963,CLARABEL/CLARABEL,design=optimal; certificate=optimal; extraction=rank-one-lmi-nullspace; candidates=1,True
0.004875205966768849,False,11.112411625043023,0.016874579334132278,1.0,3.7891830550673005e-11,True,6,,single_outlier,single_outlier_k100_0,-0.011999373367363429,False,0.016874579334132278,0.6097024170449004,CLARABEL/CLARABEL,design=optimal_inaccurate; certificate=optimal; extraction=rank-one-lmi-dual; candidates=2,True
0.00399715186218161,False,11.112411625043023,0.008534391657097018,1.0,1.2888558346254712e-11,True,8,,single_outlier,single_outlier_k100_0,-0.004537239794915408,False,0.008534391657097018,10.294318291009404,SCS/CLARABEL,design=optimal_inaccurate; certificate=optimal; extraction=rank-one-lmi-dual; candidates=2,True
0.22341587975992466,False,10.210879584017675,0.22341587977550148,1.0,6.253013702478296e-11,True,2,,single_outlier,single_outlier_k100_1,-1.5576817613549565e-11,False,0.22341587977550148,9.920797310769558e-05,linear algebra,exact degree-two moment calculation,True
0.17217481637858198,False,10.210879584017675,0.20406092235404572,1.0,5.431860509932239e-11,True,3,,single_outlier,single_outlier_k100_1,-0.031886105975463735,False,0.20406092235404572,0.13556095800595358,CLARABEL/CLARABEL,design=optimal; certificate=optimal; extraction=rank-one-lmi-nullspace; candidates=1,True
0.08940883845177905,False,10.210879584017675,0.1601653668881795,1.0,1.081175307135679e-10,True,4,,single_outlier,single_outlier_k100_1,-0.07075652843640046,False,0.1601653668881795,0.14528749999590218,CLARABEL/CLARABEL,design=optimal; certificate=optimal; extraction=rank-one-lmi-nullspace; candidates=1,True
0.033193894509630784,False,10.210879584017675,0.08589889629891445,1.0,3.307914178293e-11,True,6,,single_outlier,single_outlier_k100_1,-0.05270500178928367,False,0.08589889629891445,7.2611394170089625,SCS/CLARABEL,design=optimal_inaccurate; certificate=optimal; extraction=rank-one-lmi-dual; candidates=2,True
0.016404258005390533,False,10.210879584017675,0.03520019370186844,1.0,6.819164064075128e-11,True,8,,single_outlier,single_outlier_k100_1,-0.01879593569647791,False,0.03520019370186844,2.667639041028451,CLARABEL/CLARABEL,design=optimal_inaccurate; certificate=optimal; extraction=rank-one-lmi-dual; candidates=2,True
0.02831349156957885,False,2.8933280839701183,0.02831349157046814,1.0,3.5468367874365838e-12,True,2,,single_outlier,single_outlier_k100_2,-8.892921121717023e-13,False,0.02831349157046814,0.00015375000657513738,linear algebra,exact degree-two moment calculation,True
0.02229238504721456,False,2.8933280839701183,0.02653008369800869,1.0,1.1785903276636764e-11,True,3,,single_outlier,single_outlier_k100_2,-0.0042376986507941285,False,0.02653008369800869,0.12240374996326864,CLARABEL/CLARABEL,design=optimal; certificate=optimal; extraction=rank-one-lmi-nullspace; candidates=1,True
0.011402029963456886,False,2.8933280839701183,0.022122021030451577,1.0,2.3645412595103807e-11,True,4,,single_outlier,single_outlier_k100_2,-0.010719991066994691,False,0.022122021030451577,0.24383095803204924,CLARABEL/CLARABEL,design=optimal; certificate=optimal; extraction=rank-one-lmi-nullspace; candidates=1,True
0.003056581603720462,False,2.8933280839701183,0.012258120141051876,1.0,3.861769713248043e-11,True,6,,single_outlier,single_outlier_k100_2,-0.009201538537331414,False,0.012258120141051876,0.35063945804722607,CLARABEL/CLARABEL,design=optimal; certificate=optimal; extraction=rank-one-lmi-nullspace; candidates=1,True
0.0025512712126735597,False,2.8933280839701183,0.005911310927981361,1.0,2.6482038013134102e-11,True,8,,single_outlier,single_outlier_k100_2,-0.0033600397153078017,False,0.005911310927981361,2.175699874991551,CLARABEL/CLARABEL,design=optimal_inaccurate; certificate=optimal; extraction=rank-one-lmi-dual; candidates=2,True
0.22339467409481362,False,1.867282375053037,0.22339467409602154,1.0,4.868763447408486e-12,True,2,,single_outlier,single_outlier_k100_3,-1.2079226507921703e-12,False,0.22339467409602154,9.32500115595758e-05,linear algebra,exact degree-two moment calculation,True
0.17112978126872527,False,1.867282375053037,0.20370545430156284,1.0,4.1474367106447256e-11,True,3,,single_outlier,single_outlier_k100_3,-0.032575673032837565,False,0.20370545430156284,0.07586733403149992,CLARABEL/CLARABEL,design=optimal; certificate=optimal; extraction=rank-one-lmi-nullspace; candidates=1,True
0.0869887350223266,False,1.867282375053037,0.15929368450360926,1.0,9.170508707209573e-11,True,4,,single_outlier,single_outlier_k100_3,-0.07230494948128266,False,0.15929368450360926,0.17530745902331546,CLARABEL/CLARABEL,design=optimal; certificate=optimal; extraction=rank-one-lmi-nullspace; candidates=1,True
0.02825882353924403,False,1.867282375053037,0.07748460447228922,1.0,1.1375207281267768e-10,True,6,,single_outlier,single_outlier_k100_3,-0.04922578093304519,False,0.07748460447228922,0.49126837495714426,CLARABEL/CLARABEL,design=optimal; certificate=optimal; extraction=rank-one-lmi-nullspace; candidates=1,True
0.01608947348043545,False,1.867282375053037,0.03464369430535896,1.0,6.734494511272502e-11,True,8,,single_outlier,single_outlier_k100_3,-0.018554220824923515,False,0.03464369430535896,1.1242577920202166,CLARABEL/CLARABEL,design=optimal; certificate=optimal; extraction=rank-one-lmi-nullspace; candidates=1,True
0.004041256430790407,False,18.106929458037484,0.0040412565227825326,1.0,3.6428314791842204e-10,True,2,,single_outlier,single_outlier_k1000_0,-9.199212572252868e-11,False,0.0040412565227825326,0.00010187498992308974,linear algebra,exact degree-two moment calculation,True
0.003996184988243867,False,18.106929458037484,0.004050302567179642,1.0,7.612811672983051e-11,True,3,,single_outlier,single_outlier_k1000_0,-5.4117578935775415e-05,False,0.004050302567179642,0.20005929202307016,CLARABEL/CLARABEL,design=optimal_inaccurate; certificate=optimal; extraction=rank-one-lmi-dual; candidates=2,True
0.003871802389198362,False,18.106929458037484,0.0040151606712584,1.0,1.4962938682311996e-10,True,4,,single_outlier,single_outlier_k1000_0,-0.00014335828206003777,False,0.0040151606712584,0.31776695896405727,CLARABEL/CLARABEL,design=optimal_inaccurate; certificate=optimal; extraction=rank-one-lmi-dual; candidates=2,True
0.003495188894103969,False,18.106929458037484,0.0038940434220080533,1.0,1.0943961230829826e-10,True,6,,single_outlier,single_outlier_k1000_0,-0.0003988545279040843,False,0.0038940434220080533,7.568853041972034,SCS/CLARABEL,design=optimal_inaccurate; certificate=optimal; extraction=rank-one-lmi-dual; candidates=2,True
0.002826410010108168,False,18.106929458037484,0.0036097422285479297,1.0,6.863827731231883e-11,True,8,,single_outlier,single_outlier_k1000_0,-0.0007833322184397618,False,0.0036097422285479297,10.019647417007945,SCS/CLARABEL,design=optimal_inaccurate; certificate=optimal; extraction=rank-one-lmi-dual; candidates=2,True
0.2114616788991699,False,17.826374500000384,0.21146167904225877,1.0,5.743004345321733e-10,True,2,,single_outlier,single_outlier_k1000_1,-1.4308887408276405e-10,False,0.21146167904225877,0.00011916703078895807,linear algebra,exact degree-two moment calculation,True
0.2092577516516855,False,17.826374500000384,0.21046591999458997,1.0,1.9391906699128932e-10,True,3,,single_outlier,single_outlier_k1000_1,-0.0012081683429044643,False,0.21046591999458997,0.13725016702665016,CLARABEL/CLARABEL,design=optimal_inaccurate; certificate=optimal; extraction=rank-one-lmi-dual; candidates=2,True
0.19885442583974217,False,17.826374500000384,0.2061669154899164,1.0,1.797607137246291e-09,True,4,,single_outlier,single_outlier_k1000_1,-0.007312489650174225,False,0.2061669154899164,0.21139537496492267,CLARABEL/CLARABEL,design=optimal_inaccurate; certificate=optimal_inaccurate; extraction=rank-one-lmi-dual; candidates=2,True
0.18801792856151267,False,17.826374500000384,0.20001159425447668,1.0,2.0862803465020423e-10,True,6,,single_outlier,single_outlier_k1000_1,-0.011993665692964006,False,0.20001159425447668,7.240281916980166,SCS/CLARABEL,design=optimal_inaccurate; certificate=optimal_inaccurate; extraction=rank-one-lmi-dual; candidates=2,True
0.15978628811515222,False,17.826374500000384,0.18516953730198793,1.0,8.890187551729501e-10,True,8,,single_outlier,single_outlier_k1000_1,-0.02538324918683571,False,0.18516953730198793,10.236876624985598,SCS/CLARABEL,design=optimal_inaccurate; certificate=optimal; extraction=rank-one-lmi-nullspace; candidates=2,True
0.0003806242794670501,False,9.717252417001873,0.00038062436232166874,1.0,3.3319968189234767e-10,True,2,,single_outlier,single_outlier_k1000_2,-8.285461861956903e-11,False,0.00038062436232166874,0.00025245797587558627,linear algebra,exact degree-two moment calculation,True
0.00037670102272671565,False,9.717252417001873,0.0004131612235482862,1.0,7.178426006460924e-11,True,3,,single_outlier,single_outlier_k1000_2,-3.646020082157057e-05,False,0.0004131612235482862,0.11629416601499543,CLARABEL/CLARABEL,design=optimal_inaccurate; certificate=optimal; extraction=rank-one-lmi-dual; candidates=2,True
0.00036904366308515677,False,9.717252417001873,0.0004630367957645376,1.0,4.239594466309145e-10,True,4,,single_outlier,single_outlier_k1000_2,-9.399313267938083e-05,False,0.0004630367957645376,0.2682549580349587,CLARABEL/CLARABEL,design=optimal_inaccurate; certificate=optimal; extraction=rank-one-lmi-dual; candidates=2,True
0.00038105441255572583,False,9.717252417001873,0.0004292569904009724,1.0,1.3875307165081178e-10,True,6,,single_outlier,single_outlier_k1000_2,-4.82025778452466e-05,False,0.0004292569904009724,0.48505629203282297,CLARABEL/CLARABEL,design=optimal_inaccurate; certificate=optimal; extraction=rank-one-lmi-dual; candidates=2,True
0.0009170095444840269,False,9.717252417001873,0.0009432654416627884,1.0,6.31683307812813e-12,True,8,,single_outlier,single_outlier_k1000_2,-2.6255897178761498e-05,False,0.0009432654416627884,8.846951165993232,SCS/CLARABEL,design=optimal_inaccurate; certificate=optimal; extraction=rank-one-lmi-dual; candidates=2,True
0.21853728054859578,False,20.114544125040993,0.21853728069231693,1.0,5.746390889602355e-10,True,2,,single_outlier,single_outlier_k1000_3,-1.4372114609528808e-10,False,0.21853728069231693,8.887500734999776e-05,linear algebra,exact degree-two moment calculation,True
0.21541670083028405,False,20.114544125040993,0.2171483735259585,1.0,8.377723081800214e-10,True,3,,single_outlier,single_outlier_k1000_3,-0.0017316726956744521,False,0.2171483735259585,0.14335641701472923,CLARABEL/CLARABEL,design=optimal_inaccurate; certificate=optimal; extraction=rank-one-lmi-nullspace; candidates=2,True
0.21254099753061562,False,20.114544125040993,0.2155663064379496,1.0,1.9631974686561238e-10,True,4,,single_outlier,single_outlier_k1000_3,-0.00302530890733399,False,0.2155663064379496,4.05385133397067,SCS/CLARABEL,design=optimal_inaccurate; certificate=optimal_inaccurate; extraction=rank-one-lmi-dual; candidates=2,True
0.1952205955989054,False,20.114544125040993,0.20710543866414355,1.0,2.071291194660478e-10,True,6,,single_outlier,single_outlier_k1000_3,-0.011884843065238154,False,0.20710543866414355,6.029177375021391,SCS/CLARABEL,design=optimal_inaccurate; certificate=optimal_inaccurate; extraction=rank-one-lmi-dual; candidates=2,True
0.1674825913003105,False,20.114544125040993,0.19137497013929305,1.0,1.0924603156292158e-10,True,8,,single_outlier,single_outlier_k1000_3,-0.023892378838982542,False,0.19137497013929305,9.887614874984138,SCS/CLARABEL,design=optimal_inaccurate; certificate=optimal_inaccurate; extraction=rank-one-lmi-dual; candidates=2,True
