actual_squared_residual,certificate,certificate_passed,chebyshev_budget,converged,coverage_slack,covered,family,hessian_product_saving,name,raw_certificate_excess,reference_certificate_passed,reference_selected_degree,same_acceptance_decision_as_reference,selected_degree,tolerance
1.0119819954727138e-20,2.8179250322057925e-08,True,9,True,1.9894442404910423e-13,True,two_point,0.6666666666666667,two_point_k10_0,-2.8179250322047804e-08,True,2,True,3,0.01
3.166891734008398e-09,1e-08,False,16,True,1.136868395785522e-13,True,two_point,0.0,two_point_k10_0,-6.833108265991602e-09,True,2,False,16,0.0001
3.3018626511184666e-13,1e-12,False,23,True,1.136868377218048e-13,True,two_point,0.0,two_point_k10_0,-6.698137348881533e-13,True,2,False,23,1e-06
2.280834858278652e-21,3.293311542917898e-08,True,9,True,3.266609842810019e-13,True,two_point,0.6666666666666667,two_point_k10_1,-3.29331154291767e-08,True,2,True,3,0.01
3.1668917340083986e-09,1e-08,False,16,True,1.136868395785522e-13,True,two_point,0.0,two_point_k10_1,-6.833108265991601e-09,True,2,False,16,0.0001
3.3018626482348566e-13,1e-12,False,23,True,1.136868377218048e-13,True,two_point,0.0,two_point_k10_1,-6.698137351765144e-13,True,2,False,23,1e-06
3.675163746720333e-18,2.7889817455495347e-08,True,9,True,1.9894442905532685e-13,True,two_point,0.6666666666666667,two_point_k10_2,-2.7889817451820184e-08,True,2,True,3,0.01
3.1668917340083986e-09,1e-08,False,16,True,1.136868395785522e-13,True,two_point,0.0,two_point_k10_2,-6.833108265991601e-09,True,2,False,16,0.0001
3.3018626511306496e-13,1e-12,False,23,True,1.136868377218048e-13,True,two_point,0.0,two_point_k10_2,-6.69813734886935e-13,True,2,False,23,1e-06
1.9721522630525295e-31,1.4488410471358293e-13,True,9,True,5.798739266538332e-13,True,two_point,0.7777777777777778,two_point_k10_3,-1.4488410471358293e-13,True,2,True,2,0.01
1.9721522630525295e-31,1.4488410471358293e-13,True,16,True,5.798739266538332e-13,True,two_point,0.875,two_point_k10_3,-1.4488410471358293e-13,True,2,True,2,0.0001
1.9721522630525295e-31,1.4488410471358293e-13,True,23,True,5.798739266538332e-13,True,two_point,0.9130434782608696,two_point_k10_3,-1.4488410471358293e-13,True,2,True,2,1e-06
4.390850087980565e-23,1.715250164124882e-11,True,27,True,6.836813843925421e-11,True,two_point,0.9259259259259259,two_point_k100_0,-1.715250164120491e-11,True,2,True,2,0.01
4.390850087980565e-23,1.715250164124882e-11,True,50,True,6.836813843925421e-11,True,two_point,0.96,two_point_k100_0,-1.715250164120491e-11,True,2,True,2,0.0001
7.553258296146057e-13,1e-12,False,73,True,1.1368683772190148e-13,True,two_point,0.0,two_point_k100_0,-2.446741703853943e-13,False,73,True,73,1e-06
0.0,1.709565822238801e-11,True,27,True,6.836813852828769e-11,True,two_point,0.9259259259259259,two_point_k100_1,-1.709565822238801e-11,True,2,True,2,0.01
0.0,1.709565822238801e-11,True,50,True,6.836813852828769e-11,True,two_point,0.96,two_point_k100_1,-1.709565822238801e-11,True,2,True,2,0.0001
7.553258296146057e-13,1e-12,False,73,True,1.1368683772190148e-13,True,two_point,0.0,two_point_k100_1,-2.446741703853943e-13,False,73,True,73,1e-06
2.8535225370133842e-24,1.7053025658242404e-11,True,27,True,6.836813855237191e-11,True,two_point,0.9259259259259259,two_point_k100_2,-1.705302565823955e-11,True,2,True,2,0.01
2.8535225370133842e-24,1.7053025658242404e-11,True,50,True,6.836813855237191e-11,True,two_point,0.96,two_point_k100_2,-1.705302565823955e-11,True,2,True,2,0.0001
7.553258296146058e-13,1e-12,False,73,True,1.1368683772190148e-13,True,two_point,0.0,two_point_k100_2,-2.446741703853942e-13,False,73,True,73,1e-06
0.0,1.709565822238801e-11,True,27,True,6.836813852828769e-11,True,two_point,0.9259259259259259,two_point_k100_3,-1.709565822238801e-11,True,2,True,2,0.01
0.0,1.709565822238801e-11,True,50,True,6.836813852828769e-11,True,two_point,0.96,two_point_k100_3,-1.709565822238801e-11,True,2,True,2,0.0001
7.553258296146058e-13,1e-12,False,73,True,1.1368683772190148e-13,True,two_point,0.0,two_point_k100_3,-2.446741703853942e-13,False,73,True,73,1e-06
2.9335704294562477e-18,1.7680577002465725e-09,True,84,True,7.077138074381606e-09,True,two_point,0.9761904761904762,two_point_k1000_0,-1.768057697313002e-09,True,2,True,2,0.01
2.9335704294562477e-18,1.7680577002465725e-09,True,157,True,7.077138074381606e-09,True,two_point,0.9872611464968153,two_point_k1000_0,-1.768057697313002e-09,True,2,True,2,0.0001
9.181977848888572e-13,1e-12,False,230,True,1.136868377219385e-13,True,two_point,0.0,two_point_k1000_0,-8.18022151111428e-14,False,230,True,230,1e-06
5.650812391972594e-24,1.7671482055447996e-09,True,84,True,7.0771619392047584e-09,True,two_point,0.9761904761904762,two_point_k1000_1,-1.767148205544794e-09,True,2,True,2,0.01
5.650812391972594e-24,1.7671482055447996e-09,True,157,True,7.0771619392047584e-09,True,two_point,0.9872611464968153,two_point_k1000_1,-1.767148205544794e-09,True,2,True,2,0.0001
9.18197784888857e-13,1e-12,False,230,True,1.136868377219385e-13,True,two_point,0.0,two_point_k1000_1,-8.1802215111143e-14,False,230,True,230,1e-06
1.589729103469667e-16,1.7544152797199786e-09,True,84,True,7.077324889108613e-09,True,two_point,0.9761904761904762,two_point_k1000_2,-1.7544151207470682e-09,True,2,True,2,0.01
1.589729103469667e-16,1.7544152797199786e-09,True,157,True,7.077324889108613e-09,True,two_point,0.9872611464968153,two_point_k1000_2,-1.7544151207470682e-09,True,2,True,2,0.0001
9.181977848888572e-13,1e-12,False,230,True,1.136868377219385e-13,True,two_point,0.0,two_point_k1000_2,-8.18022151111428e-14,False,230,True,230,1e-06
1.8664358034923626e-13,2.0366337025734538e-05,True,84,True,1.1387799982755362e-10,True,two_point,0.9285714285714286,two_point_k1000_3,-2.0366336839090957e-05,True,2,True,6,0.01
9.429403240960663e-09,1e-08,False,157,True,1.1368684100248248e-13,True,two_point,0.0,two_point_k1000_3,-5.705967590393374e-10,True,2,False,157,0.0001
9.181977848888572e-13,1e-12,False,230,True,1.136868377219385e-13,True,two_point,0.0,two_point_k1000_3,-8.18022151111428e-14,False,230,True,230,1e-06
1.7158214291213567e-15,9.427416669538502e-08,True,9,True,8.495808179616058e-13,True,three_point,0.6666666666666667,three_point_k10_0,-9.427416497956359e-08,True,3,True,3,0.01
3.0584845053956943e-09,1e-08,False,16,True,1.1368683956622774e-13,True,three_point,0.0,three_point_k10_0,-6.9415154946043055e-09,True,3,False,16,0.0001
3.0192422040076725e-13,1e-12,False,23,True,1.136868377218016e-13,True,three_point,0.0,three_point_k10_0,-6.980757795992327e-13,True,3,False,23,1e-06
4.521465995544339e-17,8.634210013624966e-08,True,9,True,8.495816507132751e-13,True,three_point,0.6666666666666667,three_point_k10_1,-8.6342100091035e-08,True,3,True,3,0.01
2.8522094289526295e-09,1e-08,False,16,True,1.1368683954277696e-13,True,three_point,0.0,three_point_k10_1,-7.147790571047371e-09,True,3,False,16,0.0001
2.481477745297152e-13,1e-12,False,23,True,1.1368683772179549e-13,True,three_point,0.0,three_point_k10_1,-7.518522254702848e-13,True,3,False,23,1e-06
2.850137965274897e-18,9.129134603824696e-08,True,9,True,8.495816530858199e-13,True,three_point,0.6666666666666667,three_point_k10_2,-9.129134603539682e-08,True,3,True,3,0.01
3.0459483450287067e-09,1e-08,False,16,True,1.1368683956480254e-13,True,three_point,0.0,three_point_k10_2,-6.954051654971294e-09,True,3,False,16,0.0001
2.986560109880547e-13,1e-12,False,23,True,1.1368683772180122e-13,True,three_point,0.0,three_point_k10_2,-7.013439890119453e-13,True,3,False,23,1e-06
1.0803100911837472e-17,8.899290770969515e-08,True,9,True,8.495816680566238e-13,True,three_point,0.6666666666666667,three_point_k10_3,-8.899290769889205e-08,True,3,True,3,0.01
2.825554162598328e-09,1e-08,False,16,True,1.1368683953974662e-13,True,three_point,0.0,three_point_k10_3,-7.174445837401672e-09,True,3,False,16,0.0001
2.411986777158043e-13,1e-12,False,23,True,1.1368683772179468e-13,True,three_point,0.0,three_point_k10_3,-7.588013222841957e-13,True,3,False,23,1e-06
1.4460248773140725e-06,5.226481005138339e-05,True,27,True,3.0909804310748197e-10,True,three_point,0.8518518518518519,three_point_k100_0,-5.081878517406932e-05,True,3,True,4,0.01
7.67274873119211e-09,1e-08,False,50,True,1.1368684060727631e-13,True,three_point,0.0,three_point_k100_0,-2.32725126880789e-09,True,3,False,50,0.0001
7.520861463508425e-13,1e-12,False,73,True,1.136868377219011e-13,True,three_point,0.0,three_point_k100_0,-2.4791385364915746e-13,False,73,True,73,1e-06
4.1564227789404776e-07,1.385711237844589e-05,True,27,True,1.0608944041483696e-10,True,three_point,0.7037037037037037,three_point_k100_1,-1.3441470100551843e-05,True,3,True,8,0.01
6.817038744021929e-09,1e-08,False,50,True,1.1368684050999336e-13,True,three_point,0.0,three_point_k100_1,-3.182961255978071e-09,True,3,False,50,0.0001
6.772398030803716e-13,1e-12,False,73,True,1.136868377218926e-13,True,three_point,0.0,three_point_k100_1,-3.227601969196284e-13,False,73,True,73,1e-06
2.281354269209351e-09,6.261515261485329e-05,True,27,True,4.4452611607461166e-10,True,three_point,0.8518518518518519,three_point_k100_2,-6.261287126058408e-05,True,3,True,4,0.01
7.681211025865058e-09,1e-08,False,50,True,1.1368684060823837e-13,True,three_point,0.0,three_point_k100_2,-2.318788974134942e-09,True,3,False,50,0.0001
7.528263174619007e-13,1e-12,False,73,True,1.1368683772190118e-13,True,three_point,0.0,three_point_k100_2,-2.471736825380993e-13,False,73,True,73,1e-06
7.329142986740507e-10,5.9853786069652415e-05,True,27,True,4.0019233399783807e-10,True,three_point,0.8518518518518519,three_point_k100_3,-5.985305315535374e-05,True,3,True,4,0.01
6.6377263794024054e-09,1e-08,False,50,True,1.136868404896079e-13,True,three_point,0.0,three_point_k100_3,-3.3622736205975948e-09,True,3,False,50,0.0001
6.615558973223762e-13,1e-12,False,73,True,1.136868377218908e-13,True,three_point,0.0,three_point_k100_3,-3.384441026776238e-13,False,73,True,73,1e-06
1.2746263071350946e-06,1.274627987157828e-06,True,84,True,6.730967793480003e-12,True,three_point,0.9761904761904762,three_point_k1000_0,-1.680022733470472e-12,True,2,True,2,0.01
9.421863833590352e-09,1e-08,False,157,True,1.1368684100162533e-13,True,three_point,0.0,three_point_k1000_0,-5.781361664096485e-10,False,157,True,157,0.0001
9.178463187759458e-13,1e-12,False,230,True,1.1368683772193847e-13,True,three_point,0.0,three_point_k1000_0,-8.215368122405419e-14,False,230,True,230,1e-06
7.073510755098391e-05,0.0001,False,84,True,1.13717256383653e-13,True,three_point,0.0,three_point_k1000_1,-2.9264892449016092e-05,True,3,False,84,0.01
6.893120988966124e-09,1e-08,False,157,True,1.1368684071414056e-13,True,three_point,0.0,three_point_k1000_1,-3.106879011033876e-09,False,157,True,157,0.0001
7.999633787084051e-13,1e-12,False,230,True,1.1368683772192506e-13,True,three_point,0.0,three_point_k1000_1,-2.0003662129159492e-13,False,230,True,230,1e-06
1.8385966759984411e-06,1.8385983624469304e-06,True,84,True,6.73123159357748e-12,True,three_point,0.9761904761904762,three_point_k1000_2,-1.6864484893092184e-12,True,2,True,2,0.01
9.421493244768158e-09,1e-08,False,157,True,1.136868410015832e-13,True,three_point,0.0,three_point_k1000_2,-5.785067552318418e-10,False,157,True,157,0.0001
9.17829042958439e-13,1e-12,False,230,True,1.1368683772193847e-13,True,three_point,0.0,three_point_k1000_2,-8.217095704156094e-14,False,230,True,230,1e-06
6.908452799589045e-05,0.0001,False,84,True,1.1371706873448296e-13,True,three_point,0.0,three_point_k1000_3,-3.0915472004109556e-05,True,3,False,84,0.01
6.732695273908031e-09,1e-08,False,157,True,1.1368684069590227e-13,True,three_point,0.0,three_point_k1000_3,-3.267304726091969e-09,False,157,True,157,0.0001
7.924847792180623e-13,1e-12,False,230,True,1.136868377219242e-13,True,three_point,0.0,three_point_k1000_3,-2.0751522078193765e-13,False,230,True,230,1e-06
9.031764939004019e-06,1.0825002485369528e-05,True,9,True,1.137322281428944e-13,True,three_cluster,0.11111111111111116,three_cluster_k10_0,-1.7932375463655088e-06,True,8,True,8,0.01
2.2859112583177175e-09,1e-08,False,16,True,1.1368683947839632e-13,True,three_cluster,0.0,three_cluster_k10_0,-7.714088741682282e-09,False,16,True,16,0.0001
1.8917436592728737e-13,1e-12,False,23,True,1.1368683772178877e-13,True,three_cluster,0.0,three_cluster_k10_0,-8.108256340727126e-13,False,23,True,23,1e-06
2.2355293920033953e-05,3.2663746888069345e-05,True,9,True,1.140867418834709e-13,True,three_cluster,0.11111111111111116,three_cluster_k10_1,-1.0308452968035392e-05,True,8,True,8,0.01
2.425317517093157e-09,1e-08,False,16,True,1.1368683949424497e-13,True,three_cluster,0.0,three_cluster_k10_1,-7.574682482906843e-09,False,16,True,16,0.0001
1.8033882317349375e-13,1e-12,False,23,True,1.1368683772178776e-13,True,three_cluster,0.0,three_cluster_k10_1,-8.196611768265062e-13,False,23,True,23,1e-06
6.051568417979119e-06,7.398643696460594e-06,True,9,True,1.1373039063807819e-13,True,three_cluster,0.11111111111111116,three_cluster_k10_2,-1.3470752784814752e-06,True,8,True,8,0.01
2.4674253573825863e-09,1e-08,False,16,True,1.1368683949903208e-13,True,three_cluster,0.0,three_cluster_k10_2,-7.532574642617414e-09,False,16,True,16,0.0001
2.4060282748667927e-13,1e-12,False,23,True,1.1368683772179463e-13,True,three_cluster,0.0,three_cluster_k10_2,-7.593971725133208e-13,False,23,True,23,1e-06
1.5794728745883518e-05,2.370439893660222e-05,True,9,True,1.141696122813139e-13,True,three_cluster,0.11111111111111116,three_cluster_k10_3,-7.909670190718702e-06,True,8,True,8,0.01
2.346103752808642e-09,1e-08,False,16,True,1.1368683948523941e-13,True,three_cluster,0.0,three_cluster_k10_3,-7.653896247191359e-09,False,16,True,16,0.0001
1.644150635641971e-13,1e-12,False,23,True,1.1368683772178594e-13,True,three_cluster,0.0,three_cluster_k10_3,-8.355849364358028e-13,False,23,True,23,1e-06
5.891922949317328e-05,0.0001,False,27,True,1.137138510492187e-13,True,three_cluster,0.0,three_cluster_k100_0,-4.1080770506826724e-05,False,27,True,27,0.01
5.488492849395662e-09,1e-08,False,50,True,1.1368684035895517e-13,True,three_cluster,0.0,three_cluster_k100_0,-4.511507150604338e-09,False,50,True,50,0.0001
5.398775144250112e-13,1e-12,False,73,True,1.1368683772187697e-13,True,three_cluster,0.0,three_cluster_k100_0,-4.601224855749887e-13,False,73,True,73,1e-06
5.924586638857811e-05,0.0001,False,27,True,1.1371388818353444e-13,True,three_cluster,0.0,three_cluster_k100_1,-4.07541336114219e-05,False,27,True,27,0.01
5.3888815704229965e-09,1e-08,False,50,True,1.1368684034763069e-13,True,three_cluster,0.0,three_cluster_k100_1,-4.611118429577004e-09,False,50,True,50,0.0001
5.146546653282104e-13,1e-12,False,73,True,1.1368683772187412e-13,True,three_cluster,0.0,three_cluster_k100_1,-4.853453346717896e-13,False,73,True,73,1e-06
5.928987288604638e-05,0.0001,False,27,True,1.1371389318649396e-13,True,three_cluster,0.0,three_cluster_k100_2,-4.071012711395362e-05,False,27,True,27,0.01
5.7371277558909145e-09,1e-08,False,50,True,1.1368684038722168e-13,True,three_cluster,0.0,three_cluster_k100_2,-4.262872244109086e-09,False,50,True,50,0.0001
5.974750577685468e-13,1e-12,False,73,True,1.1368683772188354e-13,True,three_cluster,0.0,three_cluster_k100_2,-4.025249422314532e-13,False,73,True,73,1e-06
5.872859383260088e-05,0.0001,False,27,True,1.137138293764533e-13,True,three_cluster,0.0,three_cluster_k100_3,-4.1271406167399124e-05,False,27,True,27,0.01
5.44290666346013e-09,1e-08,False,50,True,1.1368684035377262e-13,True,three_cluster,0.0,three_cluster_k100_3,-4.5570933365398704e-09,False,50,True,50,0.0001
4.942724001429875e-13,1e-12,False,73,True,1.136868377218718e-13,True,three_cluster,0.0,three_cluster_k100_3,-5.057275998570125e-13,False,73,True,73,1e-06
8.259815615355848e-05,0.0001,False,84,True,1.1371860505613437e-13,True,three_cluster,0.0,three_cluster_k1000_0,-1.7401843846441526e-05,False,84,True,84,0.01
8.35906298050065e-09,1e-08,False,157,True,1.1368684088079888e-13,True,three_cluster,0.0,three_cluster_k1000_0,-1.6409370194993496e-09,False,157,True,157,0.0001
8.006649538745638e-13,1e-12,False,230,True,1.1368683772192514e-13,True,three_cluster,0.0,three_cluster_k1000_0,-1.9933504612543614e-13,False,230,True,230,1e-06
6.769927403356349e-05,0.0001,False,84,True,1.1371691124934056e-13,True,three_cluster,0.0,three_cluster_k1000_1,-3.2300725966436514e-05,False,84,True,84,0.01
5.664124550161893e-09,1e-08,False,157,True,1.1368684057441984e-13,True,three_cluster,0.0,three_cluster_k1000_1,-4.3358754498381074e-09,False,157,True,157,0.0001
6.075645961746352e-13,1e-12,False,230,True,1.1368683772190318e-13,True,three_cluster,0.0,three_cluster_k1000_1,-3.9243540382536476e-13,False,230,True,230,1e-06
7.512987011186178e-05,0.0001,False,84,True,1.1371775601031108e-13,True,three_cluster,0.0,three_cluster_k1000_2,-2.487012988813822e-05,False,84,True,84,0.01
7.074720301190355e-09,1e-08,False,157,True,1.1368684073478602e-13,True,three_cluster,0.0,three_cluster_k1000_2,-2.9252796988096453e-09,False,157,True,157,0.0001
7.170765086283852e-13,1e-12,False,230,True,1.1368683772191562e-13,True,three_cluster,0.0,three_cluster_k1000_2,-2.829234913716148e-13,False,230,True,230,1e-06
6.759375816274628e-05,0.0001,False,84,True,1.1371689925357486e-13,True,three_cluster,0.0,three_cluster_k1000_3,-3.240624183725373e-05,False,84,True,84,0.01
5.9930323157072034e-09,1e-08,False,157,True,1.1368684061181233e-13,True,three_cluster,0.0,three_cluster_k1000_3,-4.006967684292797e-09,False,157,True,157,0.0001
5.873003316194346e-13,1e-12,False,230,True,1.1368683772190088e-13,True,three_cluster,0.0,three_cluster_k1000_3,-4.1269966838056537e-13,False,230,True,230,1e-06
1.4326987920927358e-05,2.9157638355852003e-05,True,9,True,1.137501992398022e-13,True,log_uniform,0.11111111111111116,log_uniform_k10_0,-1.4830650434924645e-05,True,8,True,8,0.01
1.2642441277050746e-09,1e-08,False,16,True,1.136868393622462e-13,True,log_uniform,0.0,log_uniform_k10_0,-8.735755872294925e-09,False,16,True,16,0.0001
1.6461543170656002e-13,1e-12,False,23,True,1.1368683772178597e-13,True,log_uniform,0.0,log_uniform_k10_0,-8.3538456829344e-13,False,23,True,23,1e-06
4.934691722906502e-05,9.267275011190325e-05,True,9,True,1.137315819856795e-13,True,log_uniform,0.11111111111111116,log_uniform_k10_1,-4.3325832882838235e-05,True,8,True,8,0.01
1.6447803927570797e-09,1e-08,False,16,True,1.1368683940550817e-13,True,log_uniform,0.0,log_uniform_k10_1,-8.35521960724292e-09,False,16,True,16,0.0001
1.640010264797427e-13,1e-12,False,23,True,1.1368683772178592e-13,True,log_uniform,0.0,log_uniform_k10_1,-8.359989735202573e-13,False,23,True,23,1e-06
1.3685518964470761e-05,2.5513038499395686e-05,True,9,True,1.137513229450533e-13,True,log_uniform,0.11111111111111116,log_uniform_k10_2,-1.1827519534924925e-05,True,8,True,8,0.01
1.5946501058064101e-09,1e-08,False,16,True,1.1368683939980903e-13,True,log_uniform,0.0,log_uniform_k10_2,-8.40534989419359e-09,False,16,True,16,0.0001
1.8234476546062535e-13,1e-12,False,23,True,1.13686837721788e-13,True,log_uniform,0.0,log_uniform_k10_2,-8.176552345393746e-13,False,23,True,23,1e-06
3.922437634517678e-05,8.798667768603741e-05,True,9,True,1.1375157229444453e-13,True,log_uniform,0.11111111111111116,log_uniform_k10_3,-4.876230134086063e-05,True,8,True,8,0.01
1.547208575610256e-09,1e-08,False,16,True,1.1368683939441555e-13,True,log_uniform,0.0,log_uniform_k10_3,-8.452791424389744e-09,False,16,True,16,0.0001
1.7275130339285245e-13,1e-12,False,23,True,1.136868377217869e-13,True,log_uniform,0.0,log_uniform_k10_3,-8.272486966071476e-13,False,23,True,23,1e-06
5.4313029566522624e-05,0.0001,False,27,True,1.1371332738491514e-13,True,log_uniform,0.0,log_uniform_k100_0,-4.568697043347738e-05,False,27,True,27,0.01
3.5290063900256685e-09,1e-08,False,50,True,1.1368684013618736e-13,True,log_uniform,0.0,log_uniform_k100_0,-6.470993609974332e-09,False,50,True,50,0.0001
4.1228279933224137e-13,1e-12,False,73,True,1.1368683772186248e-13,True,log_uniform,0.0,log_uniform_k100_0,-5.877172006677586e-13,False,73,True,73,1e-06
4.044836306163225e-05,0.0001,False,27,True,1.1371175115482413e-13,True,log_uniform,0.0,log_uniform_k100_1,-5.955163693836776e-05,False,27,True,27,0.01
3.887719081903265e-09,1e-08,False,50,True,1.1368684017696827e-13,True,log_uniform,0.0,log_uniform_k100_1,-6.1122809180967354e-09,False,50,True,50,0.0001
3.761064442518211e-13,1e-12,False,73,True,1.1368683772185837e-13,True,log_uniform,0.0,log_uniform_k100_1,-6.238935557481789e-13,False,73,True,73,1e-06
5.0021804741650245e-05,0.0001,False,27,True,1.1371283952913485e-13,True,log_uniform,0.0,log_uniform_k100_2,-4.997819525834976e-05,False,27,True,27,0.01
4.51831389434919e-09,1e-08,False,50,True,1.136868402486586e-13,True,log_uniform,0.0,log_uniform_k100_2,-5.48168610565081e-09,False,50,True,50,0.0001
3.28134874027076e-13,1e-12,False,73,True,1.1368683772185292e-13,True,log_uniform,0.0,log_uniform_k100_2,-6.71865125972924e-13,False,73,True,73,1e-06
4.1860736900608536e-05,0.0001,False,27,True,1.1371191172313957e-13,True,log_uniform,0.0,log_uniform_k100_3,-5.813926309939147e-05,False,27,True,27,0.01
3.6594683476308673e-09,1e-08,False,50,True,1.1368684015101916e-13,True,log_uniform,0.0,log_uniform_k100_3,-6.340531652369133e-09,False,50,True,50,0.0001
3.576348789188364e-13,1e-12,False,73,True,1.1368683772185627e-13,True,log_uniform,0.0,log_uniform_k100_3,-6.423651210811636e-13,False,73,True,73,1e-06
3.8646761435722887e-05,0.0001,False,84,True,1.1371360836105544e-13,True,log_uniform,0.0,log_uniform_k1000_0,-6.135323856427712e-05,False,84,True,84,0.01
4.2451243047094544e-09,1e-08,False,157,True,1.136868404130982e-13,True,log_uniform,0.0,log_uniform_k1000_0,-5.754875695290546e-09,False,157,True,157,0.0001
4.376820874256981e-13,1e-12,False,230,True,1.1368683772188386e-13,True,log_uniform,0.0,log_uniform_k1000_0,-5.623179125743018e-13,False,230,True,230,1e-06
4.518102325671246e-05,0.0001,False,84,True,1.137143512206187e-13,True,log_uniform,0.0,log_uniform_k1000_1,-5.4818976743287545e-05,False,84,True,84,0.01
4.246677564231788e-09,1e-08,False,157,True,1.1368684041327477e-13,True,log_uniform,0.0,log_uniform_k1000_1,-5.7533224357682125e-09,False,157,True,157,0.0001
4.2221370328234904e-13,1e-12,False,230,True,1.136868377218821e-13,True,log_uniform,0.0,log_uniform_k1000_1,-5.77786296717651e-13,False,230,True,230,1e-06
5.0755443370321615e-05,0.0001,False,84,True,1.1371498495881357e-13,True,log_uniform,0.0,log_uniform_k1000_2,-4.924455662967839e-05,False,84,True,84,0.01
4.459631161928634e-09,1e-08,False,157,True,1.136868404374848e-13,True,log_uniform,0.0,log_uniform_k1000_2,-5.540368838071366e-09,False,157,True,157,0.0001
4.270068563633785e-13,1e-12,False,230,True,1.1368683772188265e-13,True,log_uniform,0.0,log_uniform_k1000_2,-5.729931436366215e-13,False,230,True,230,1e-06
4.9437289220437524e-05,0.0001,False,84,True,1.1371483510203662e-13,True,log_uniform,0.0,log_uniform_k1000_3,-5.056271077956248e-05,False,84,True,84,0.01
5.1267357983987615e-09,1e-08,False,157,True,1.136868405133258e-13,True,log_uniform,0.0,log_uniform_k1000_3,-4.873264201601239e-09,False,157,True,157,0.0001
5.184581733305569e-13,1e-12,False,230,True,1.1368683772189305e-13,True,log_uniform,0.0,log_uniform_k1000_3,-4.815418266694431e-13,False,230,True,230,1e-06
2.0401920797379784e-05,4.0847038730981296e-05,True,9,True,1.1373597505848688e-13,True,single_outlier,0.11111111111111116,single_outlier_k10_0,-2.0445117933601512e-05,True,8,True,8,0.01
1.4478068042565205e-09,1e-08,False,16,True,1.1368683938311487e-13,True,single_outlier,0.0,single_outlier_k10_0,-8.552193195743479e-09,False,16,True,16,0.0001
1.6801057127235551e-13,1e-12,False,23,True,1.1368683772178637e-13,True,single_outlier,0.0,single_outlier_k10_0,-8.319894287276444e-13,False,23,True,23,1e-06
3.059625624871048e-05,5.4043058451141426e-05,True,9,True,1.147629469858907e-13,True,single_outlier,0.11111111111111116,single_outlier_k10_1,-2.3446802202430947e-05,True,8,True,8,0.01
1.6450821200381417e-09,1e-08,False,16,True,1.1368683940554247e-13,True,single_outlier,0.0,single_outlier_k10_1,-8.354917879961859e-09,False,16,True,16,0.0001
1.452130737413589e-13,1e-12,False,23,True,1.1368683772178377e-13,True,single_outlier,0.0,single_outlier_k10_1,-8.547869262586411e-13,False,23,True,23,1e-06
1.2810655572517365e-05,2.3286972748810315e-05,True,9,True,1.1415445805633208e-13,True,single_outlier,0.11111111111111116,single_outlier_k10_2,-1.047631717629295e-05,True,8,True,8,0.01
1.5234842585204394e-09,1e-08,False,16,True,1.136868393917184e-13,True,single_outlier,0.0,single_outlier_k10_2,-8.47651574147956e-09,False,16,True,16,0.0001
1.692866579490702e-13,1e-12,False,23,True,1.136868377217865e-13,True,single_outlier,0.0,single_outlier_k10_2,-8.307133420509297e-13,False,23,True,23,1e-06
3.12864782902361e-05,5.78936406721766e-05,True,9,True,1.148700613094466e-13,True,single_outlier,0.11111111111111116,single_outlier_k10_3,-2.66071623819405e-05,True,8,True,8,0.01
1.5943380284882848e-09,1e-08,False,16,True,1.1368683939977354e-13,True,single_outlier,0.0,single_outlier_k10_3,-8.405661971511715e-09,False,16,True,16,0.0001
1.7961685211679408e-13,1e-12,False,23,True,1.1368683772178769e-13,True,single_outlier,0.0,single_outlier_k10_3,-8.203831478832059e-13,False,23,True,23,1e-06
5.968568724094822e-05,0.0001,False,27,True,1.1371393818537632e-13,True,single_outlier,0.0,single_outlier_k100_0,-4.0314312759051785e-05,False,27,True,27,0.01
5.9113679841918735e-09,1e-08,False,50,True,1.1368684040703052e-13,True,single_outlier,0.0,single_outlier_k100_0,-4.088632015808127e-09,False,50,True,50,0.0001
5.68809461366776e-13,1e-12,False,73,True,1.1368683772188028e-13,True,single_outlier,0.0,single_outlier_k100_0,-4.31190538633224e-13,False,73,True,73,1e-06
3.503846861457273e-05,0.0001,False,27,True,1.1371113612103204e-13,True,single_outlier,0.0,single_outlier_k100_1,-6.496153138542727e-05,False,27,True,27,0.01
3.92023953717749e-09,1e-08,False,50,True,1.136868401806654e-13,True,single_outlier,0.0,single_outlier_k100_1,-6.07976046282251e-09,False,50,True,50,0.0001
4.200505793128241e-13,1e-12,False,73,True,1.1368683772186337e-13,True,single_outlier,0.0,single_outlier_k100_1,-5.799494206871758e-13,False,73,True,73,1e-06
6.595649217808719e-05,0.0001,False,27,True,1.1371465109335958e-13,True,single_outlier,0.0,single_outlier_k100_2,-3.4043507821912816e-05,False,27,True,27,0.01
6.6342638829844454e-09,1e-08,False,50,True,1.1368684048921426e-13,True,single_outlier,0.0,single_outlier_k100_2,-3.3657361170155548e-09,False,50,True,50,0.0001
6.362991577373365e-13,1e-12,False,73,True,1.1368683772188795e-13,True,single_outlier,0.0,single_outlier_k100_2,-3.6370084226266346e-13,False,73,True,73,1e-06
3.6633553110831536e-05,0.0001,False,27,True,1.1371131746114432e-13,True,single_outlier,0.0,single_outlier_k100_3,-6.336644688916847e-05,False,27,True,27,0.01
3.846058423895534e-09,1e-08,False,50,True,1.13686840172232e-13,True,single_outlier,0.0,single_outlier_k100_3,-6.1539415761044665e-09,False,50,True,50,0.0001
4.1396379382954843e-13,1e-12,False,73,True,1.1368683772186266e-13,True,single_outlier,0.0,single_outlier_k100_3,-5.860362061704515e-13,False,73,True,73,1e-06
9.424245192088575e-05,0.0001,False,84,True,1.1371992885929763e-13,True,single_outlier,0.0,single_outlier_k1000_0,-5.757548079114258e-06,False,84,True,84,0.01
9.196410241216574e-09,1e-08,False,157,True,1.1368684097599424e-13,True,single_outlier,0.0,single_outlier_k1000_0,-8.035897587834265e-10,False,157,True,157,0.0001
8.964850797431649e-13,1e-12,False,230,True,1.1368683772193602e-13,True,single_outlier,0.0,single_outlier_k1000_0,-1.0351492025683504e-13,False,230,True,230,1e-06
4.734525179700272e-05,0.0001,False,84,True,1.1371459726491757e-13,True,single_outlier,0.0,single_outlier_k1000_1,-5.265474820299729e-05,False,84,True,84,0.01
4.863289669049125e-09,1e-08,False,157,True,1.1368684048337547e-13,True,single_outlier,0.0,single_outlier_k1000_1,-5.136710330950875e-09,False,157,True,157,0.0001
5.087207534602013e-13,1e-12,False,230,True,1.1368683772189194e-13,True,single_outlier,0.0,single_outlier_k1000_1,-4.912792465397987e-13,False,230,True,230,1e-06
9.662695360756672e-05,0.0001,False,84,True,1.1372019994575394e-13,True,single_outlier,0.0,single_outlier_k1000_2,-3.3730463924332805e-06,False,84,True,84,0.01
9.412783655280396e-09,1e-08,False,157,True,1.1368684100059305e-13,True,single_outlier,0.0,single_outlier_k1000_2,-5.872163447196041e-10,False,157,True,157,0.0001
9.165244001664276e-13,1e-12,False,230,True,1.1368683772193831e-13,True,single_outlier,0.0,single_outlier_k1000_2,-8.347559983357236e-14,False,230,True,230,1e-06
4.4845268141701e-05,0.0001,False,84,True,1.1371431304968143e-13,True,single_outlier,0.0,single_outlier_k1000_3,-5.515473185829901e-05,False,84,True,84,0.01
5.2088747214244794e-09,1e-08,False,157,True,1.1368684052266393e-13,True,single_outlier,0.0,single_outlier_k1000_3,-4.791125278575521e-09,False,157,True,157,0.0001
4.554422728945361e-13,1e-12,False,230,True,1.1368683772188588e-13,True,single_outlier,0.0,single_outlier_k1000_3,-5.445577271054639e-13,False,230,True,230,1e-06
