actual_squared_residual,coverage_slack,covered,dual_l1,family,inflation,interval_correction,name,nominal_certificate,raw_certificate_excess,robust_certificate,robust_design_value,scaled_certificate_excess,solver,status
5.0233462365677923e-11,1.2446224667292104e-13,True,0.10613178670993186,two_point,2.445611328309719e-07,6.303563447000754e-09,two_point_k10_0,2.6145752229922437e-13,-2.4451116082612853e-07,2.445613942884942e-07,2.3815450039655061e-07,-1964540.7933916578,CLARABEL/CLARABEL,design=optimal; certificate=optimal; extraction=rank-one-lmi-nullspace; candidates=1
1.0414004239164405e-12,1.2449033494159042e-13,True,0.10637409968363523,two_point,2.4491172785321666e-07,6.577249611271843e-09,two_point_k10_1,2.6145752229922437e-13,-2.44910947910315e-07,2.4491198931073896e-07,2.3816496310724068e-07,-1967308.9322574697,CLARABEL/CLARABEL,design=optimal; certificate=optimal; extraction=rank-one-lmi-nullspace; candidates=1
6.294523470677292e-11,1.244604146946321e-13,True,0.10611465943776316,two_point,2.445467932455134e-07,6.323122766060577e-09,two_point_k10_2,2.6145752229922437e-13,-2.444841094683289e-07,2.445470547030357e-07,2.3814417477356458e-07,-1964352.3610955263,CLARABEL/CLARABEL,design=optimal; certificate=optimal; extraction=rank-one-lmi-nullspace; candidates=1
1.0914627183408986e-12,1.2448374454621368e-13,True,0.10627747667941742,two_point,2.4479140235254397e-07,6.405556454392413e-09,two_point_k10_3,2.6145752229922437e-13,-2.447905723473479e-07,2.4479166381006627e-07,2.3818552236056496e-07,-1966446.0869143538,CLARABEL/CLARABEL,design=optimal; certificate=optimal; extraction=rank-one-lmi-nullspace; candidates=1
1.9839218754264456e-05,1.0901311989586059e-12,True,8.934234606747221,two_point,4.000241176476009e-05,9.332050112563932e-08,two_point_k100_0,3.419131644477602e-11,-2.0163227201812075e-05,4.000244595607653e-05,3.992239930552873e-05,-18496147.272065833,CLARABEL/CLARABEL,design=optimal; certificate=optimal; extraction=rank-one-lmi-nullspace; candidates=1
1.699776489347736e-08,3.657050417632473e-12,True,33.13995451552383,two_point,7.858789681507554e-05,3.267980088048796e-07,two_point_k100_1,3.413447302591521e-11,-7.85709331846551e-05,7.858793094954857e-05,7.823977406475558e-05,-21484782.601252977,CLARABEL/CLARABEL,design=optimal; certificate=optimal; extraction=rank-one-lmi-nullspace; candidates=1
1.9861471364318774e-05,1.0214197642021484e-12,True,8.276203882261571,two_point,3.843657784372427e-05,8.6435948305975e-08,two_point_k100_2,3.412026217120001e-11,-1.8575140599667665e-05,3.843661196398644e-05,3.835246585248458e-05,-18185609.140016086,CLARABEL/CLARABEL,design=optimal; certificate=optimal; extraction=rank-one-lmi-nullspace; candidates=1
1.6505105324766952e-08,3.648686051294565e-12,True,33.1716675007699,two_point,7.85600085476294e-05,3.26448277039281e-07,two_point_k100_3,3.413447302591521e-11,-7.854353757677766e-05,7.856004268210242e-05,7.82338142407749e-05,-21526526.66537593,CLARABEL/CLARABEL,design=optimal_inaccurate; certificate=optimal; extraction=rank-one-lmi-dual; candidates=2
9.884320008596575e-07,2.2214808802431937e-13,True,0.9540812213376688,two_point,1.2380946322330057e-06,1.4860928968238247e-08,two_point_k1000_0,3.5415723687037826e-09,-2.5320420374205197e-07,1.2416362046017095e-06,1.2211232044882647e-06,-1139799.1582728939,CLARABEL/CLARABEL,design=optimal_inaccurate; certificate=optimal; extraction=rank-one-lmi-dual; candidates=2
0.000321862242746791,5.155499960238881e-10,True,3985.8345716478025,two_point,0.010299991142875666,4.588706515539232e-05,two_point_k1000_1,3.537934389896691e-09,-0.009978132438063265,0.010299994680810056,0.012865549357209433,-19354344.90353662,SCS/CLARABEL,design=optimal_inaccurate; certificate=optimal; extraction=rank-one-lmi-dual; candidates=2
1.1515870307844047e-06,2.2567007120764895e-13,True,0.9525773736983796,two_point,1.401465392801696e-06,1.8197518322873002e-08,two_point_k1000_2,3.5261109587736428e-09,-2.5340447297606497e-07,1.4049915037604697e-06,1.3921772628588032e-06,-1122898.0060138165,CLARABEL/CLARABEL,design=optimal_inaccurate; certificate=optimal; extraction=rank-one-lmi-dual; candidates=2
0.00023014841836566563,4.5825736612258064e-10,True,3723.9072735509867,two_point,0.009380954343451799,4.058003892787851e-05,two_point_k1000_3,3.5397533793002367e-09,-0.009150809464839512,0.009380957883205178,0.01078962924701665,-19968712.215728432,CLARABEL/CLARABEL,design=optimal_inaccurate; certificate=optimal; extraction=rank-one-lmi-dual; candidates=2
5.603456823475865e-09,2.6633231875305887e-13,True,1.4397169849663136,three_point,3.1188737042271397e-06,2.2088471077345557e-08,three_point_k10_0,4.605205106145149e-13,-3.1132707079241744e-06,3.1188741647476504e-06,3.0962105576144133e-06,-11689421.40593449,CLARABEL/CLARABEL,design=optimal; certificate=optimal; extraction=rank-one-lmi-nullspace; candidates=1
2.62723922555454e-10,2.671958678342054e-13,True,1.4440647878946764,three_point,3.1210864449835298e-06,1.914991497827024e-08,three_point_k10_1,4.594102875898898e-13,-3.120824180471262e-06,3.1210869043938174e-06,3.1019354193418216e-06,-11679911.840581788,CLARABEL/CLARABEL,design=optimal; certificate=optimal; extraction=rank-one-lmi-nullspace; candidates=1
4.690663360233162e-09,2.6639956200135035e-13,True,1.4401315836033428,three_point,3.119085555974985e-06,2.1129793798942752e-08,three_point_k10_2,4.578559753554146e-13,-3.114395350470727e-06,3.1190860138309604e-06,3.0971864784546933e-06,-11690692.458627017,CLARABEL/CLARABEL,design=optimal; certificate=optimal; extraction=rank-one-lmi-nullspace; candidates=1
2.7187091669222635e-10,2.6703070313906634e-13,True,1.44437210400234,three_point,3.1220672972688e-06,1.9515542478711483e-08,three_point_k10_3,4.576339307504895e-13,-3.1217958839860386e-06,3.1220677549027307e-06,3.1021405909321153e-06,-11690775.058028609,CLARABEL/CLARABEL,design=optimal; certificate=optimal; extraction=rank-one-lmi-nullspace; candidates=1
0.00012588293582654095,5.701059325342706e-13,True,4.8972672535950155,three_point,0.00013430105196563156,5.067221566272382e-08,three_point_k100_0,1.5445493772858754e-09,-8.419660688467899e-06,0.00013430259651500885,0.0001342437663357875,-14768589.84967986,CLARABEL/CLARABEL,design=optimal; certificate=optimal; extraction=rank-one-lmi-nullspace; candidates=1
0.00042552814058890244,5.870681892944356e-10,True,5714.432881059989,three_point,0.012211709324144317,5.439163296421334e-05,three_point_k100_1,1.2942109606228769e-09,-0.011786182477766374,0.012211710618355277,0.012157300635219788,-20076343.2471644,CLARABEL/CLARABEL,design=optimal; certificate=optimal; extraction=rank-one-lmi-nullspace; candidates=1
9.910462305267768e-05,5.523975678097496e-13,True,4.548279476704052,three_point,0.0001068512439860692,5.047596798093422e-08,three_point_k100_2,1.2898908607894555e-09,-7.747910824252316e-06,0.00010685253387693,0.00010680100546308808,-14025968.388986034,CLARABEL/CLARABEL,design=optimal_inaccurate; certificate=optimal; extraction=rank-one-lmi-dual; candidates=2
0.0004420439739132991,5.853860242522683e-10,True,5698.095990973466,three_point,0.01219434505916308,5.427246959701962e-05,three_point_k100_3,1.5720615920145065e-09,-0.011752302657311373,0.012194346631224671,0.01214008429463059,-20076158.586674415,CLARABEL/CLARABEL,design=optimal_inaccurate; certificate=optimal; extraction=rank-one-lmi-dual; candidates=2
7.76308480490255e-06,5.076619586169119e-12,True,44.36275102690951,three_point,7.859840727770971e-05,4.4528003321652633e-07,three_point_k1000_0,1.55686866492033e-05,-8.640400912201046e-05,9.416709392691301e-05,9.372530225758225e-05,-17019988.92282808,CLARABEL/CLARABEL,design=optimal_inaccurate; certificate=optimal; extraction=rank-one-lmi-dual; candidates=2
0.40401585105897864,5.22395209470155e-10,True,5279.657769639709,three_point,0.41473872740857665,4.9394287094722394e-05,three_point_k1000_1,1.6451813280582428e-06,-0.010724521530926068,0.4147403725899047,0.41469062248479605,-20529517.37785561,CLARABEL/CLARABEL,design=optimal; certificate=optimal; extraction=rank-one-lmi-nullspace; candidates=1
8.393070902205648e-06,4.418767971252737e-12,True,44.30674650447381,three_point,9.298951382018223e-05,4.19491585121594e-07,three_point_k1000_2,2.2989697754383087e-06,-8.68954126934149e-05,9.528848359562054e-05,9.492864508417462e-05,-19665077.066442963,CLARABEL/CLARABEL,design=optimal_inaccurate; certificate=optimal; extraction=rank-one-lmi-dual; candidates=2
0.4056414009365434,5.264679643282647e-10,True,5319.998829286274,three_point,0.4164510638475112,4.975018936436872e-05,three_point_k1000_3,1.6414560377597809e-06,-0.010811304367005559,0.41645270530354894,0.416402767633457,-20535540.810731012,CLARABEL/CLARABEL,design=optimal; certificate=optimal; extraction=rank-one-lmi-nullspace; candidates=1
0.001622480552881988,1.2176485348261925e-13,True,0.06742779698911973,three_cluster,3.063658297365601e-08,5.816979018309029e-09,three_cluster_k10_0,0.0018514134923051893,-0.00022896357600617505,0.001851444128888163,0.0018514383840683025,-1880374914.9080803,CLARABEL/CLARABEL,design=optimal; certificate=optimal; extraction=rank-one-lmi-nullspace; candidates=1
0.0018241780218460541,1.8693361579203743e-13,True,0.6908411171893923,three_cluster,1.4985977966298566e-06,1.168862808993066e-08,three_cluster_k10_1,0.0068113381335237755,-0.004988658709474351,0.006812836731320405,0.00681282506356377,-26686793000.48529,CLARABEL/CLARABEL,design=optimal; certificate=optimal; extraction=rank-one-lmi-nullspace; candidates=1
0.001098900788347405,1.2147755621131162e-13,True,0.06567847349738695,three_cluster,2.9705365207780346e-08,5.840658572622828e-09,three_cluster_k10_2,0.0012681141105782175,-0.00016924302759602021,0.0012681438159434252,0.001268138054861465,-1393204085.3836408,CLARABEL/CLARABEL,design=optimal; certificate=optimal; extraction=rank-one-lmi-nullspace; candidates=1
0.0011158657948125098,2.0459611699677652e-13,True,0.8574947728373128,three_cluster,1.854659644864691e-06,1.3574285929349266e-08,three_cluster_k10_3,0.005003038166720819,-0.003889027031553174,0.005004892826365684,0.005004879366267582,-19008313005.346268,CLARABEL/CLARABEL,design=optimal; certificate=optimal; extraction=rank-one-lmi-nullspace; candidates=1
0.0007286514896654311,4.316990316319742e-13,True,2.865906229644434,three_cluster,4.46955956373324e-06,3.509172263821011e-08,three_cluster_k100_0,0.0009037669346651234,-0.0001795850045634255,0.0009082364942288566,0.000908199600886554,-415995847.58050305,CLARABEL/CLARABEL,design=optimal; certificate=optimal; extraction=rank-one-lmi-nullspace; candidates=1
0.28828830499430086,7.805423943585555e-13,True,5.73444624826335,three_cluster,9.994815469427376e-06,6.04943544290388e-08,three_cluster_k100_1,0.2912728326635111,-0.0029945224846796847,0.29128282747898054,0.29128276825638866,-3836463600.5973296,CLARABEL/CLARABEL,design=optimal; certificate=optimal; extraction=rank-one-lmi-nullspace; candidates=1
0.0009507004835541538,4.285764342980307e-13,True,2.8313935274477076,three_cluster,4.396725930215072e-06,3.3613287324057865e-08,three_cluster_k100_2,0.0011849739066596282,-0.00023867014903568946,0.0011893706325898433,0.0011893359251325224,-556890509.9194489,CLARABEL/CLARABEL,design=optimal; certificate=optimal; extraction=rank-one-lmi-nullspace; candidates=1
0.3066275163076106,7.593718369146441e-13,True,5.81442099756593,three_cluster,1.0162047178630118e-05,6.516566878022516e-08,three_cluster_k100_3,0.31095036218716493,-0.004333007926732968,0.31096052423434356,0.31096045694401997,-5706042436.783196,CLARABEL/CLARABEL,design=optimal; certificate=optimal; extraction=rank-one-lmi-nullspace; candidates=1
0.0004988668923469004,2.2453807589012335e-13,True,0.9737153851744927,three_cluster,4.4976789720428765e-07,1.5882804402670187e-08,three_cluster_k1000_0,0.0008433032540342555,-0.0003448861295845594,0.0008437530219314598,0.0008437373121412647,-1535980604.7029984,CLARABEL/CLARABEL,design=optimal; certificate=optimal; extraction=rank-one-lmi-nullspace; candidates=1
0.45005648397042947,7.131320556592439e-12,True,61.930770113523856,three_cluster,0.00011464127542953895,6.197018059794913e-07,three_cluster_k1000_1,0.4504720607051853,-0.0005302180101853793,0.45058670198061485,0.45058597979816567,-74350606.73232917,CLARABEL/CLARABEL,design=optimal; certificate=optimal; extraction=rank-one-lmi-nullspace; candidates=1
0.0004938781510445093,2.2453899531457633e-13,True,0.9737356517177457,three_cluster,4.4990112760029573e-07,1.5775266334474934e-08,three_cluster_k1000_2,0.0008360962412364836,-0.00034266799131957466,0.0008365461423640839,0.000836530520160348,-1526095682.5762095,CLARABEL/CLARABEL,design=optimal; certificate=optimal; extraction=rank-one-lmi-nullspace; candidates=1
0.5049283975600118,7.504477793504842e-12,True,64.93234626898835,three_cluster,0.00012001909696857105,6.498345681391341e-07,three_cluster_k1000_3,0.5053176084508921,-0.0005092299878488582,0.5054376275478607,0.50543697885257,-67856818.5370072,CLARABEL/CLARABEL,design=optimal; certificate=optimal; extraction=rank-one-lmi-nullspace; candidates=1
