name,family,source,dimension,condition,tolerance,observation_depth,chebyshev_horizon,sdp_horizon,operational_horizon,certificate,design_value,previous_design_value,actual_squared_residual,covered,design_calls,design_seconds,solver,status
poisson2d_n64_0,poisson2d,heldout_structured,64,32.16343747752638,0.05,1,11,8,8,0.001563741745071301,0.001563646619500253,0.003146072917062267,0.0007521104615108073,True,5,0.2552516249124892,CLARABEL/CLARABEL,design=optimal; certificate=optimal_inaccurate
poisson2d_n64_0,poisson2d,heldout_structured,64,32.16343747752638,0.05,2,11,5,5,0.0019951231941604114,0.0019943562220348814,0.0033199007096134,0.001168178649119188,True,5,0.12390441604657099,CLARABEL/CLARABEL,design=optimal; certificate=optimal
poisson2d_n64_0,poisson2d,heldout_structured,64,32.16343747752638,0.05,3,11,3,3,0.001554302648985692,0.0015542901865191407,,0.001554290196766811,True,1,0.0190436250413768,CLARABEL/CLARABEL,design=optimal; certificate=optimal
poisson2d_n64_0,poisson2d,heldout_structured,64,32.16343747752638,0.05,4,11,4,4,0.0004634494579007914,0.0004634378519833948,,0.0004634378519637515,True,1,0.011673583998344839,CLARABEL/CLARABEL,design=optimal; certificate=optimal
poisson2d_n64_0,poisson2d,heldout_structured,64,32.16343747752638,0.05,5,11,5,5,0.00015983701273809825,0.0001598262831085149,,0.00015982628698293778,True,1,0.011437874985858798,CLARABEL/CLARABEL,design=optimal; certificate=optimal
poisson2d_n64_0,poisson2d,heldout_structured,64,32.16343747752638,0.05,6,11,6,6,7.78302019391261e-05,7.782014469800843e-05,,7.782014944224493e-05,True,1,0.012492667010519654,CLARABEL/CLARABEL,design=optimal; certificate=optimal
poisson2d_n64_1,poisson2d,heldout_structured,64,32.16343747752638,0.05,1,11,9,9,0.0024516785872551934,0.002451223568906372,0.00496728655126357,0.001706876155296981,True,6,0.14426149998325855,CLARABEL/CLARABEL,design=optimal; certificate=optimal
poisson2d_n64_1,poisson2d,heldout_structured,64,32.16343747752638,0.05,2,11,9,9,0.0018833732040879098,0.0018833607030173346,0.003799556008082357,0.0013166644865236637,True,5,0.24014129099668935,CLARABEL/CLARABEL,design=optimal; certificate=optimal_inaccurate
poisson2d_n64_1,poisson2d,heldout_structured,64,32.16343747752638,0.05,3,11,9,9,0.0016447085977389535,0.0016446853034094405,0.003292641793143417,0.0012244682401224142,True,5,0.15124666702467948,CLARABEL/CLARABEL,design=optimal; certificate=optimal
poisson2d_n64_1,poisson2d,heldout_structured,64,32.16343747752638,0.05,4,11,9,9,0.0015221594006178418,0.0015221439049213515,0.0030085389753957558,0.0011780935088577696,True,5,0.2350509170209989,CLARABEL/CLARABEL,design=optimal; certificate=optimal
poisson2d_n64_1,poisson2d,heldout_structured,64,32.16343747752638,0.05,5,11,9,9,0.001486228494758097,0.001486222678331265,0.0028885724780605745,0.0011633178585929236,True,5,0.24729479191591963,CLARABEL/CLARABEL,design=optimal; certificate=optimal
poisson2d_n64_1,poisson2d,heldout_structured,64,32.16343747752638,0.05,6,11,9,9,0.0014666694249932447,0.0014666632660999869,0.0028062184287600943,0.0011503105301783783,True,4,0.129520000948105,CLARABEL/CLARABEL,design=optimal; certificate=optimal
poisson2d_n64_2,poisson2d,heldout_structured,64,32.16343747752638,0.05,1,11,8,8,0.0020953979489670062,0.0020952931567717265,0.00421588499620127,0.0011041937954193075,True,5,0.105650583980605,CLARABEL/CLARABEL,design=optimal; certificate=optimal_inaccurate
poisson2d_n64_2,poisson2d,heldout_structured,64,32.16343747752638,0.05,2,11,6,6,0.0016892270237387902,0.0016891059971393112,0.0030958854903433567,0.0005497483342211804,True,5,0.08437275007599965,CLARABEL/CLARABEL,design=optimal; certificate=optimal
poisson2d_n64_2,poisson2d,heldout_structured,64,32.16343747752638,0.05,3,11,3,3,0.0016198270692278569,0.0016198146922069211,,0.0016198147346337072,True,1,0.011256541998591274,CLARABEL/CLARABEL,design=optimal; certificate=optimal
poisson2d_n64_2,poisson2d,heldout_structured,64,32.16343747752638,0.05,4,11,4,4,0.0004921493548953396,0.00049213783864991,,0.0004921378190728534,True,1,0.01169579103589058,CLARABEL/CLARABEL,design=optimal; certificate=optimal
poisson2d_n64_2,poisson2d,heldout_structured,64,32.16343747752638,0.05,5,11,5,5,0.0002280466179004209,0.00022803597202299226,,0.00022803597747444746,True,1,0.01231016602832824,CLARABEL/CLARABEL,design=optimal; certificate=optimal
poisson2d_n64_2,poisson2d,heldout_structured,64,32.16343747752638,0.05,6,11,6,6,0.00010685300387877628,0.00010684328695509282,,0.00010684329184153322,True,1,0.01328479201765731,CLARABEL/CLARABEL,design=optimal; certificate=optimal
poisson2d_n64_3,poisson2d,heldout_structured,64,32.16343747752638,0.05,1,11,9,9,0.0016523258139214173,0.0016522857566562577,0.003347713121848489,0.0010562470518484257,True,6,0.19491400005063042,CLARABEL/CLARABEL,design=optimal; certificate=optimal_inaccurate
poisson2d_n64_3,poisson2d,heldout_structured,64,32.16343747752638,0.05,2,11,8,8,0.0018153780079172542,0.0018153327847887097,0.003611902606599798,0.0010654776078693133,True,5,0.22031858406262472,CLARABEL/CLARABEL,design=optimal; certificate=optimal_inaccurate
poisson2d_n64_3,poisson2d,heldout_structured,64,32.16343747752638,0.05,3,11,7,7,0.0024181097185616944,0.002418084451794887,0.004501521323323821,0.0011820196892698871,True,5,0.1322390009299852,CLARABEL/CLARABEL,design=optimal; certificate=optimal
poisson2d_n64_3,poisson2d,heldout_structured,64,32.16343747752638,0.05,4,11,7,7,0.00204341564742822,0.002043407887438177,0.0035684818330819768,0.0007926293018643572,True,5,0.08157183206640184,CLARABEL/CLARABEL,design=optimal; certificate=optimal
poisson2d_n64_3,poisson2d,heldout_structured,64,32.16343747752638,0.05,5,11,5,5,0.0024650710704585176,0.0024650619319226664,,0.0024650619345319208,True,1,0.013389249972533435,CLARABEL/CLARABEL,design=optimal; certificate=optimal
poisson2d_n64_3,poisson2d,heldout_structured,64,32.16343747752638,0.05,6,11,6,6,0.0010935142204366187,0.00109350586429253,,0.0010935058662133034,True,1,0.014545957965310663,CLARABEL/CLARABEL,design=optimal; certificate=optimal
poisson2d_n144_0,poisson2d,heldout_structured,144,67.82742906960372,0.05,1,16,11,11,0.0020292981248018114,0.0020290613538426956,0.003275026073357133,0.001150703671699185,True,6,0.9810563760693185,CLARABEL/CLARABEL,design=optimal; certificate=optimal_inaccurate
poisson2d_n144_0,poisson2d,heldout_structured,144,67.82742906960372,0.05,2,16,7,7,0.0024140543816555463,0.002413910491546035,0.003570380144826222,0.0013901430213727319,True,6,0.7387332490179688,CLARABEL/CLARABEL,design=optimal; certificate=optimal_inaccurate
poisson2d_n144_0,poisson2d,heldout_structured,144,67.82742906960372,0.05,3,16,3,3,0.0023845321130193525,0.002384518316752621,,0.0023845183507538773,True,1,0.012599457986652851,CLARABEL/CLARABEL,design=optimal; certificate=optimal
poisson2d_n144_0,poisson2d,heldout_structured,144,67.82742906960372,0.05,4,16,4,4,0.0007333480252802588,0.0007333346850478615,,0.0007333346747734888,True,1,0.012509832973591983,CLARABEL/CLARABEL,design=optimal; certificate=optimal
poisson2d_n144_0,poisson2d,heldout_structured,144,67.82742906960372,0.05,5,16,5,5,0.00020380996906569498,0.0002037971684036136,,0.0002037971720022665,True,1,0.013349417014978826,CLARABEL/CLARABEL,design=optimal; certificate=optimal
poisson2d_n144_0,poisson2d,heldout_structured,144,67.82742906960372,0.05,6,16,6,6,6.824266474148716e-05,6.823066528342441e-05,,6.823066761101554e-05,True,1,0.030478250002488494,CLARABEL/CLARABEL,design=optimal; certificate=optimal
poisson2d_n144_1,poisson2d,heldout_structured,144,67.82742906960372,0.05,1,16,13,13,0.0021716468093704445,0.0021711357624471955,0.003524966416548989,0.001328226827205621,True,6,1.3435129999998026,CLARABEL/CLARABEL,design=optimal; certificate=optimal_inaccurate
poisson2d_n144_1,poisson2d,heldout_structured,144,67.82742906960372,0.05,2,16,12,12,0.0020582126746988283,0.0020580490059738136,0.0033241642694959695,0.0012130451051825168,True,6,1.332683582964819,CLARABEL/CLARABEL,design=optimal; certificate=optimal_inaccurate
poisson2d_n144_1,poisson2d,heldout_structured,144,67.82742906960372,0.05,3,16,12,12,0.0015561822039118196,0.001556000546552666,0.002502546089604098,0.0008706079300661622,True,6,0.6900354588869959,CLARABEL/CLARABEL,design=optimal; certificate=optimal_inaccurate
poisson2d_n144_1,poisson2d,heldout_structured,144,67.82742906960372,0.05,4,16,11,11,0.0020403443596644514,0.002040322164140732,0.0032219068034215737,0.0010513352478441125,True,6,0.7210138330119662,CLARABEL/CLARABEL,design=optimal; certificate=optimal_inaccurate
poisson2d_n144_1,poisson2d,heldout_structured,144,67.82742906960372,0.05,5,16,11,11,0.001662087262389951,0.001662071852289488,0.0025804210286843633,0.0008124819613018583,True,5,1.023223542026244,CLARABEL/CLARABEL,design=optimal; certificate=optimal
poisson2d_n144_1,poisson2d,heldout_structured,144,67.82742906960372,0.05,6,16,10,10,0.0021413950163540417,0.002141387249751873,0.0030983800874347465,0.0008708552033418886,True,5,0.992675416986458,CLARABEL/CLARABEL,design=optimal; certificate=optimal
poisson2d_n144_2,poisson2d,heldout_structured,144,67.82742906960372,0.05,1,16,11,11,0.00225348693832783,0.0022527147402123236,0.003636057558300735,0.0010670409682280327,True,6,1.1041970840306021,CLARABEL/CLARABEL,design=optimal; certificate=optimal
poisson2d_n144_2,poisson2d,heldout_structured,144,67.82742906960372,0.05,2,16,8,8,0.001977908235682394,0.0019776178906913714,0.003029850920405871,0.0012017861002590147,True,6,0.3841727090184577,CLARABEL/CLARABEL,design=optimal; certificate=optimal
poisson2d_n144_2,poisson2d,heldout_structured,144,67.82742906960372,0.05,3,16,3,3,0.0021056402513852657,0.0021056264625343778,,0.0021056265008597462,True,1,0.012824457953684032,CLARABEL/CLARABEL,design=optimal; certificate=optimal
poisson2d_n144_2,poisson2d,heldout_structured,144,67.82742906960372,0.05,4,16,4,4,0.0006757224260258571,0.000675709025549973,,0.0006757090798358316,True,1,0.012646334012970328,CLARABEL/CLARABEL,design=optimal; certificate=optimal
poisson2d_n144_2,poisson2d,heldout_structured,144,67.82742906960372,0.05,5,16,5,5,0.0002652696482543723,0.0002652566977728862,,0.00026525668494919367,True,1,0.012369999953079969,CLARABEL/CLARABEL,design=optimal; certificate=optimal
poisson2d_n144_2,poisson2d,heldout_structured,144,67.82742906960372,0.05,6,16,6,6,0.00010725407987243613,0.00010724179600374993,,0.00010724189976938123,True,1,0.01456383301410824,CLARABEL/CLARABEL,design=optimal; certificate=optimal
poisson2d_n144_3,poisson2d,heldout_structured,144,67.82742906960372,0.05,1,16,13,13,0.0017965587978038115,0.0017961325951408944,0.0029160602350981123,0.0010716999702896914,True,6,0.44847295893123373,CLARABEL/CLARABEL,design=optimal; certificate=optimal_inaccurate
poisson2d_n144_3,poisson2d,heldout_structured,144,67.82742906960372,0.05,2,16,11,11,0.002248182314607351,0.0022480238519128793,0.0036100989012032786,0.0013670452768373613,True,6,0.28628370707156137,CLARABEL/CLARABEL,design=optimal; certificate=optimal_inaccurate
poisson2d_n144_3,poisson2d,heldout_structured,144,67.82742906960372,0.05,3,16,11,11,0.0017229520398312267,0.0017229416649405325,0.002748477874847903,0.0012898197602231917,True,6,0.7218552909325808,CLARABEL/CLARABEL,design=optimal; certificate=optimal_inaccurate
poisson2d_n144_3,poisson2d,heldout_structured,144,67.82742906960372,0.05,4,16,11,11,0.001602163543079514,0.001602005455068984,0.0025386692425600783,0.0012995657641127216,True,6,0.4008693339419551,CLARABEL/CLARABEL,design=optimal; certificate=optimal_inaccurate
poisson2d_n144_3,poisson2d,heldout_structured,144,67.82742906960372,0.05,5,16,11,11,0.0015861725428616556,0.0015861639563004612,0.002501045482939525,0.0013221245907681393,True,5,0.6270440410007723,CLARABEL/CLARABEL,design=optimal; certificate=optimal
poisson2d_n144_3,poisson2d,heldout_structured,144,67.82742906960372,0.05,6,16,10,10,0.002473254706477904,0.0024732479682809502,0.0038484148948986843,0.002083494215424697,True,5,0.5635045829112642,CLARABEL/CLARABEL,design=optimal; certificate=optimal
poisson2d_n256_0,poisson2d,heldout_structured,256,116.46119157748781,0.05,1,20,14,14,0.0021524300502542408,0.0021516274299204123,0.0030984092502959384,0.0010742674100325154,True,6,2.5786348750116304,CLARABEL/CLARABEL,design=optimal; certificate=optimal_inaccurate
poisson2d_n256_0,poisson2d,heldout_structured,256,116.46119157748781,0.05,2,20,9,9,0.002151495307515929,0.0021511982346923775,0.0029364384812274515,0.0011768247567304458,True,6,1.1538757489761338,CLARABEL/CLARABEL,design=optimal; certificate=optimal_inaccurate
poisson2d_n256_0,poisson2d,heldout_structured,256,116.46119157748781,0.05,3,20,3,3,0.0017041273190625816,0.0017041129127952504,,0.0017041129516896572,True,1,0.012089042051229626,CLARABEL/CLARABEL,design=optimal; certificate=optimal
poisson2d_n256_0,poisson2d,heldout_structured,256,116.46119157748781,0.05,4,20,4,4,0.0005192996813733405,0.0005192852766083914,,0.0005192854229621912,True,1,0.01303037500474602,CLARABEL/CLARABEL,design=optimal; certificate=optimal
poisson2d_n256_0,poisson2d,heldout_structured,256,116.46119157748781,0.05,5,20,5,5,0.0001753590500797736,0.0001753450507124061,,0.00017534505188862475,True,1,0.013576958968769759,CLARABEL/CLARABEL,design=optimal; certificate=optimal
poisson2d_n256_0,poisson2d,heldout_structured,256,116.46119157748781,0.05,6,20,6,6,7.138833830121205e-05,7.137476980220837e-05,,7.137489990177995e-05,True,1,0.014674541016574949,CLARABEL/CLARABEL,design=optimal; certificate=optimal
poisson2d_n256_1,poisson2d,heldout_structured,256,116.46119157748781,0.05,1,20,17,17,0.0020120566852888768,0.0020118721333327234,0.0029109665836030306,0.0011402885005873204,True,6,2.8294638749212027,CLARABEL/CLARABEL,design=optimal; certificate=optimal_inaccurate
poisson2d_n256_1,poisson2d,heldout_structured,256,116.46119157748781,0.05,2,20,15,15,0.0020532171717719556,0.002053129437031505,0.0029573412095393083,0.0012418436484043353,True,6,1.7655899989185855,CLARABEL/CLARABEL,design=optimal; certificate=optimal_inaccurate
poisson2d_n256_1,poisson2d,heldout_structured,256,116.46119157748781,0.05,3,20,14,14,0.0019799654472950944,0.0019796575373031977,0.0028322839250341045,0.0010858172220804365,True,6,2.1256419179262593,CLARABEL/CLARABEL,design=optimal; certificate=optimal_inaccurate
poisson2d_n256_1,poisson2d,heldout_structured,256,116.46119157748781,0.05,4,20,13,13,0.002341858032815588,0.0023416806763971684,0.003308971207880897,0.0011304515890587189,True,6,1.3836219579679891,CLARABEL/CLARABEL,design=optimal; certificate=optimal_inaccurate
poisson2d_n256_1,poisson2d,heldout_structured,256,116.46119157748781,0.05,5,20,13,13,0.002084751734793139,0.002084702557032466,0.0029217525084745343,0.0008824304587731361,True,5,1.4883255829336122,CLARABEL/CLARABEL,design=optimal; certificate=optimal_inaccurate
poisson2d_n256_1,poisson2d,heldout_structured,256,116.46119157748781,0.05,6,20,13,13,0.0018191192480982454,0.001819110622794434,0.0025172957257321867,0.000567475798404965,True,5,1.7460056251147762,CLARABEL/CLARABEL,design=optimal; certificate=optimal
poisson2d_n256_2,poisson2d,heldout_structured,256,116.46119157748781,0.05,1,20,14,14,0.002128038431219723,0.002127345321276447,0.0030634375252886568,0.0011026902339665782,True,6,2.67909304110799,CLARABEL/CLARABEL,design=optimal; certificate=optimal_inaccurate
poisson2d_n256_2,poisson2d,heldout_structured,256,116.46119157748781,0.05,2,20,9,9,0.001985592571035942,0.001985419751028967,0.002709871095281375,0.0009594198363925261,True,6,2.6875854990794323,CLARABEL/CLARABEL,design=optimal; certificate=optimal_inaccurate
poisson2d_n256_2,poisson2d,heldout_structured,256,116.46119157748781,0.05,3,20,3,3,0.0015746396868835041,0.0015746252503892845,,0.001574625319927406,True,1,0.011444500007200986,CLARABEL/CLARABEL,design=optimal; certificate=optimal
poisson2d_n256_2,poisson2d,heldout_structured,256,116.46119157748781,0.05,4,20,4,4,0.0004060313157576573,0.000406016941566122,,0.00040601698754879495,True,1,0.011125999968498945,CLARABEL/CLARABEL,design=optimal; certificate=optimal
poisson2d_n256_2,poisson2d,heldout_structured,256,116.46119157748781,0.05,5,20,5,5,0.00013195086387771116,0.0001319369228291273,,0.00013193692185162182,True,1,0.012337166990619153,CLARABEL/CLARABEL,design=optimal; certificate=optimal
poisson2d_n256_2,poisson2d,heldout_structured,256,116.46119157748781,0.05,6,20,6,6,5.007528238500786e-05,5.0061711913115014e-05,,5.006176620549018e-05,True,1,0.012947582988999784,CLARABEL/CLARABEL,design=optimal; certificate=optimal
poisson2d_n256_3,poisson2d,heldout_structured,256,116.46119157748781,0.05,1,20,17,17,0.0022797239485504595,0.0022795298875343487,0.0032982527121029506,0.0012689398201556612,True,6,3.214518335997127,CLARABEL/CLARABEL,design=optimal; certificate=optimal_inaccurate
poisson2d_n256_3,poisson2d,heldout_structured,256,116.46119157748781,0.05,2,20,16,16,0.001804129535398065,0.0018040059556474618,0.002604075610565534,0.0009336936810499997,True,6,3.84689875098411,CLARABEL/CLARABEL,design=optimal; certificate=optimal_inaccurate
poisson2d_n256_3,poisson2d,heldout_structured,256,116.46119157748781,0.05,3,20,14,14,0.002208034324636167,0.002207613456137481,0.003157769717939452,0.0013668648474927385,True,6,1.9119942099787295,CLARABEL/CLARABEL,design=optimal; certificate=optimal_inaccurate
poisson2d_n256_3,poisson2d,heldout_structured,256,116.46119157748781,0.05,4,20,13,13,0.0024700762162184293,0.0024698711318415375,0.0034874734356531456,0.0016675408557118088,True,6,1.1042198339710012,CLARABEL/CLARABEL,design=optimal; certificate=optimal_inaccurate
poisson2d_n256_3,poisson2d,heldout_structured,256,116.46119157748781,0.05,5,20,13,13,0.002141351697823646,0.0021412560235888533,0.0029973168514307712,0.0016233828087123,True,5,1.835215498926118,CLARABEL/CLARABEL,design=optimal; certificate=optimal_inaccurate
poisson2d_n256_3,poisson2d,heldout_structured,256,116.46119157748781,0.05,6,20,13,13,0.002024519048239896,0.0020244850702897605,0.002808324733041493,0.0016093532788238885,True,5,2.6576649149646983,CLARABEL/CLARABEL,design=optimal; certificate=optimal
ridge_breast_cancer_k30_0,ridge_breast_cancer,heldout_real_data,30,29.999999999999996,0.05,1,10,10,10,0.0025000000000000005,0.003129573576345755,,0.0020436490001476794,True,2,0.035504624946042895,interval Chebyshev,no conditional SDP crossing before the fallback horizon
ridge_breast_cancer_k30_0,ridge_breast_cancer,heldout_real_data,30,29.999999999999996,0.05,2,10,8,8,0.0023085856819241857,0.002308474896525992,0.004821755966810572,0.0012974608908266005,True,5,0.092519499885384,CLARABEL/CLARABEL,design=optimal; certificate=optimal
ridge_breast_cancer_k30_0,ridge_breast_cancer,heldout_real_data,30,29.999999999999996,0.05,3,10,8,8,0.0019198898536754716,0.0019198312735754573,0.004060502914730183,0.0009037433278737309,True,5,0.15261945797828957,CLARABEL/CLARABEL,design=optimal; certificate=optimal
ridge_breast_cancer_k30_0,ridge_breast_cancer,heldout_real_data,30,29.999999999999996,0.05,4,10,7,7,0.002208208370905851,0.0022067146768187636,0.0045212630424801906,0.0013512687745730447,True,4,0.1323113749967888,CLARABEL/CLARABEL,design=optimal_inaccurate; certificate=optimal
ridge_breast_cancer_k30_0,ridge_breast_cancer,heldout_real_data,30,29.999999999999996,0.05,5,10,5,5,0.0018583227858925966,0.0018499861746370892,,0.0018497656282732047,True,1,0.117259832972195,CLARABEL/CLARABEL,design=optimal_inaccurate; certificate=optimal
ridge_breast_cancer_k30_0,ridge_breast_cancer,heldout_real_data,30,29.999999999999996,0.05,6,10,6,6,0.0012775998729921412,0.00021650522301832904,,0.00021603013031465545,True,1,0.020977499953005463,CLARABEL/CLARABEL,design=optimal_inaccurate; certificate=optimal
ridge_breast_cancer_k30_1,ridge_breast_cancer,heldout_real_data,30,29.999999999999996,0.05,1,10,10,10,0.0025000000000000005,0.002853892403114131,,0.0013812060788926713,True,2,0.03338737500598654,interval Chebyshev,no conditional SDP crossing before the fallback horizon
ridge_breast_cancer_k30_1,ridge_breast_cancer,heldout_real_data,30,29.999999999999996,0.05,2,10,9,9,0.002332521884672256,0.0023324325144588685,0.004877587843478154,0.0012481271138304313,True,5,0.40994537505321205,CLARABEL/CLARABEL,design=optimal; certificate=optimal
ridge_breast_cancer_k30_1,ridge_breast_cancer,heldout_real_data,30,29.999999999999996,0.05,3,10,9,9,0.0016158162817979105,0.0016157623431707028,0.0033851627800230736,0.0008106931331313798,True,5,0.3013059179065749,CLARABEL/CLARABEL,design=optimal; certificate=optimal
ridge_breast_cancer_k30_1,ridge_breast_cancer,heldout_real_data,30,29.999999999999996,0.05,4,10,7,7,0.002480170245348745,0.0024616730337671056,0.005915934602672305,0.0007617709568237475,True,4,0.3275861259899102,CLARABEL/CLARABEL,design=optimal; certificate=optimal
ridge_breast_cancer_k30_1,ridge_breast_cancer,heldout_real_data,30,29.999999999999996,0.05,5,10,6,6,0.0024829316307091176,0.0024252687886584154,0.0029779229671584103,0.0018196708303476544,True,4,0.43092870712280273,CLARABEL/CLARABEL,design=optimal_inaccurate; certificate=optimal
ridge_breast_cancer_k30_1,ridge_breast_cancer,heldout_real_data,30,29.999999999999996,0.05,6,10,6,6,0.0017126018310591462,0.0006060546319878577,,0.0005861740963881571,True,1,0.021077167009934783,CLARABEL/CLARABEL,design=optimal_inaccurate; certificate=optimal
ridge_breast_cancer_k30_2,ridge_breast_cancer,heldout_real_data,30,29.999999999999996,0.05,1,10,10,10,0.0025000000000000005,0.0028321925354698476,,0.0006154964728595355,True,2,0.03497175098164007,interval Chebyshev,no conditional SDP crossing before the fallback horizon
ridge_breast_cancer_k30_2,ridge_breast_cancer,heldout_real_data,30,29.999999999999996,0.05,2,10,10,10,0.0025000000000000005,0.0028179261904493972,,0.0006154964728595355,True,2,0.033306874975096434,interval Chebyshev,no conditional SDP crossing before the fallback horizon
ridge_breast_cancer_k30_2,ridge_breast_cancer,heldout_real_data,30,29.999999999999996,0.05,3,10,8,8,0.0017451766119354617,0.0017450969081575587,0.003673287186091516,0.0009715817950711248,True,5,0.17992154305102304,CLARABEL/CLARABEL,design=optimal; certificate=optimal
ridge_breast_cancer_k30_2,ridge_breast_cancer,heldout_real_data,30,29.999999999999996,0.05,4,10,7,7,0.001289497222103364,0.0012835345204720184,0.0026378400261399884,0.0007252522929729839,True,4,0.17778912495123222,CLARABEL/CLARABEL,design=optimal; certificate=optimal
ridge_breast_cancer_k30_2,ridge_breast_cancer,heldout_real_data,30,29.999999999999996,0.05,5,10,5,5,0.0019286365544530781,0.0019034260610748606,,0.0019028940067014769,True,1,0.02195991697954014,CLARABEL/CLARABEL,design=optimal_inaccurate; certificate=optimal
ridge_breast_cancer_k30_2,ridge_breast_cancer,heldout_real_data,30,29.999999999999996,0.05,6,10,6,6,0.0012465666859498015,0.00048157804963887594,,0.00047992475276740197,True,1,0.02375887503148988,CLARABEL/CLARABEL,design=optimal_inaccurate; certificate=optimal
ridge_breast_cancer_k30_3,ridge_breast_cancer,heldout_real_data,30,29.999999999999996,0.05,1,10,10,10,0.0025000000000000005,0.0036864798719084993,,0.0014798244500252074,True,2,0.1377994169597514,interval Chebyshev,no conditional SDP crossing before the fallback horizon
ridge_breast_cancer_k30_3,ridge_breast_cancer,heldout_real_data,30,29.999999999999996,0.05,2,10,10,10,0.0025000000000000005,0.0030264123328112703,,0.0014798244500252074,True,2,0.08958158298628405,interval Chebyshev,no conditional SDP crossing before the fallback horizon
ridge_breast_cancer_k30_3,ridge_breast_cancer,heldout_real_data,30,29.999999999999996,0.05,3,10,10,10,0.0025000000000000005,0.0025256601056493698,,0.0014798244500252074,True,2,0.033176957978866994,interval Chebyshev,no conditional SDP crossing before the fallback horizon
ridge_breast_cancer_k30_3,ridge_breast_cancer,heldout_real_data,30,29.999999999999996,0.05,4,10,8,8,0.0022553477844802217,0.002252302617052828,0.004848061732115191,0.0013424456422974592,True,5,0.26544549892423674,CLARABEL/CLARABEL,design=optimal_inaccurate; certificate=optimal
ridge_breast_cancer_k30_3,ridge_breast_cancer,heldout_real_data,30,29.999999999999996,0.05,5,10,7,7,0.0023603059744345956,0.00199808008895847,0.004579557389303689,0.001100144156330988,True,4,1.0119537069112994,CLARABEL/CLARABEL,design=optimal_inaccurate; certificate=optimal_inaccurate
ridge_breast_cancer_k30_3,ridge_breast_cancer,heldout_real_data,30,29.999999999999996,0.05,6,10,6,7,0.002320473669215062,0.002177490985629163,,0.0009719018360475735,True,2,0.11094700003741309,CLARABEL/CLARABEL,design=optimal_inaccurate; certificate=optimal_inaccurate
ridge_breast_cancer_k100_0,ridge_breast_cancer,heldout_real_data,30,100.00000000000001,0.05,1,19,9,9,0.002039644113251419,0.0020393569816338827,0.002936218216829424,0.0007072505880706686,True,6,1.0051259159808978,CLARABEL/CLARABEL,design=optimal; certificate=optimal_inaccurate
ridge_breast_cancer_k100_0,ridge_breast_cancer,heldout_real_data,30,100.00000000000001,0.05,2,19,2,2,0.0019871537045620946,0.001987139179382428,,0.0019871391683572784,True,1,0.015223667025566101,CLARABEL/CLARABEL,design=optimal; certificate=optimal
ridge_breast_cancer_k100_0,ridge_breast_cancer,heldout_real_data,30,100.00000000000001,0.05,3,19,3,3,0.0006137457673983382,0.0006137279311636639,,0.0006137278084954687,True,1,0.016456583980470896,CLARABEL/CLARABEL,design=optimal; certificate=optimal
ridge_breast_cancer_k100_0,ridge_breast_cancer,heldout_real_data,30,100.00000000000001,0.05,4,19,4,4,0.00033688956341659804,0.00033557955063343774,,0.0003355794748201769,True,1,0.03834420797647908,CLARABEL/CLARABEL,design=optimal_inaccurate; certificate=optimal
ridge_breast_cancer_k100_0,ridge_breast_cancer,heldout_real_data,30,100.00000000000001,0.05,5,19,5,5,0.00022920684062910368,0.00015424414402642517,,0.0001541910932724471,True,1,0.019948082976043224,CLARABEL/CLARABEL,design=optimal_inaccurate; certificate=optimal
ridge_breast_cancer_k100_0,ridge_breast_cancer,heldout_real_data,30,100.00000000000001,0.05,6,19,6,6,0.00013889315774839872,0.00013783058168238672,,0.00013768310581594142,True,1,0.023668957990594208,CLARABEL/CLARABEL,design=optimal_inaccurate; certificate=optimal
ridge_breast_cancer_k100_1,ridge_breast_cancer,heldout_real_data,30,100.00000000000001,0.05,1,19,19,19,0.0025000000000000005,0.0028040672576985174,,0.0008663566926950671,True,2,0.5350051259738393,interval Chebyshev,no conditional SDP crossing before the fallback horizon
ridge_breast_cancer_k100_1,ridge_breast_cancer,heldout_real_data,30,100.00000000000001,0.05,2,19,18,18,0.002421256926517957,0.002421157021690764,0.0036144077678030295,0.0007608154469545823,True,6,1.9200216659810394,CLARABEL/CLARABEL,design=optimal; certificate=optimal_inaccurate
ridge_breast_cancer_k100_1,ridge_breast_cancer,heldout_real_data,30,100.00000000000001,0.05,3,19,18,18,0.0019476749587452324,0.0019474786294828297,0.002908030893953846,0.0008555642599238418,True,6,1.69186391599942,CLARABEL/CLARABEL,design=optimal; certificate=optimal_inaccurate
ridge_breast_cancer_k100_1,ridge_breast_cancer,heldout_real_data,30,100.00000000000001,0.05,4,19,17,17,0.0018148665715216339,0.001868302357465387,0.0028571752603116715,0.000798421213832315,True,6,17.369977500056848,CLARABEL/CLARABEL,design=optimal_inaccurate; certificate=optimal
ridge_breast_cancer_k100_1,ridge_breast_cancer,heldout_real_data,30,100.00000000000001,0.05,5,19,17,17,0.001769815583248402,0.001824700753564872,0.002747133761829349,0.0007595717647386862,True,6,19.55582237499766,CLARABEL/CLARABEL,design=optimal_inaccurate; certificate=optimal_inaccurate
ridge_breast_cancer_k100_1,ridge_breast_cancer,heldout_real_data,30,100.00000000000001,0.05,6,19,17,17,0.0015643253109729471,0.0016866811264772126,0.0026360885060410975,0.0006624259586915615,True,6,7.377813125029206,CLARABEL/CLARABEL,design=optimal_inaccurate; certificate=optimal_inaccurate
ridge_breast_cancer_k100_2,ridge_breast_cancer,heldout_real_data,30,100.00000000000001,0.05,1,19,15,15,0.00215119808631586,0.0021511624324626775,0.0032023322306613984,0.0005896742220197452,True,6,2.728796375042293,CLARABEL/CLARABEL,design=optimal; certificate=optimal_inaccurate
ridge_breast_cancer_k100_2,ridge_breast_cancer,heldout_real_data,30,100.00000000000001,0.05,2,19,11,11,0.0018647503116407255,0.001864560371884685,0.002730340937861623,0.0010255734596067978,True,6,1.8321097909356467,CLARABEL/CLARABEL,design=optimal; certificate=optimal
ridge_breast_cancer_k100_2,ridge_breast_cancer,heldout_real_data,30,100.00000000000001,0.05,3,19,8,8,0.0022100915351436212,0.0022098789813225226,0.0030748021895984808,0.0009688035149218174,True,6,1.0467711240053177,CLARABEL/CLARABEL,design=optimal; certificate=optimal
ridge_breast_cancer_k100_2,ridge_breast_cancer,heldout_real_data,30,100.00000000000001,0.05,4,19,4,4,0.0017830093285207127,0.0017807031864897195,,0.0017807029520284024,True,1,0.014175374992191792,CLARABEL/CLARABEL,design=optimal; certificate=optimal
ridge_breast_cancer_k100_2,ridge_breast_cancer,heldout_real_data,30,100.00000000000001,0.05,5,19,5,5,0.0010667009712790332,0.0009640887100240985,,0.0009638597208334969,True,1,0.014933625003322959,CLARABEL/CLARABEL,design=optimal; certificate=optimal
ridge_breast_cancer_k100_2,ridge_breast_cancer,heldout_real_data,30,100.00000000000001,0.05,6,19,6,6,0.0008618856558122445,0.0008660827474624824,,0.0008524748958858614,True,1,0.022852750029414892,CLARABEL/CLARABEL,design=optimal_inaccurate; certificate=optimal
ridge_breast_cancer_k100_3,ridge_breast_cancer,heldout_real_data,30,100.00000000000001,0.05,1,19,19,19,0.0025000000000000005,0.0027100307968993746,,0.001110695046694514,True,2,0.5463634990155697,interval Chebyshev,no conditional SDP crossing before the fallback horizon
ridge_breast_cancer_k100_3,ridge_breast_cancer,heldout_real_data,30,100.00000000000001,0.05,2,19,18,18,0.002288595543270572,0.002288209353097822,0.003417342378823128,0.0012525991381781224,True,6,2.535177291953005,CLARABEL/CLARABEL,design=optimal; certificate=optimal_inaccurate
ridge_breast_cancer_k100_3,ridge_breast_cancer,heldout_real_data,30,100.00000000000001,0.05,3,19,18,18,0.0019837926023887897,0.001983723539182217,0.002963745365536365,0.0014103608976761984,True,6,3.212571706972085,CLARABEL/CLARABEL,design=optimal; certificate=optimal_inaccurate
ridge_breast_cancer_k100_3,ridge_breast_cancer,heldout_real_data,30,100.00000000000001,0.05,4,19,17,17,0.0019306456264907013,0.0020186113980133463,0.0030635077911842557,0.0011841461646372583,True,6,4.98013479198562,CLARABEL/CLARABEL,design=optimal_inaccurate; certificate=optimal
ridge_breast_cancer_k100_3,ridge_breast_cancer,heldout_real_data,30,100.00000000000001,0.05,5,19,17,17,0.001818417432012609,0.0018666536958147329,0.002869911651837431,0.0010239244168110872,True,6,16.71450620808173,CLARABEL/CLARABEL,design=optimal_inaccurate; certificate=optimal_inaccurate
ridge_breast_cancer_k100_3,ridge_breast_cancer,heldout_real_data,30,100.00000000000001,0.05,6,19,17,17,0.0018013972185144667,0.001865774760102408,0.0026784456229955273,0.001072243925734507,True,6,8.98680091794813,CLARABEL/CLARABEL,design=optimal_inaccurate; certificate=optimal_inaccurate
ridge_wine_k30_0,ridge_wine,heldout_real_data,13,29.999999999999996,0.05,1,10,8,8,0.0018062568716033255,0.0018062430876412117,0.0037492096104204025,0.0012214707724105094,True,5,0.1721397919463925,CLARABEL/CLARABEL,design=optimal; certificate=optimal_inaccurate
ridge_wine_k30_0,ridge_wine,heldout_real_data,13,29.999999999999996,0.05,2,10,8,8,0.0014627120895468314,0.0014626987473457648,0.003019976360337169,0.0010291169642891074,True,5,0.1100987910758704,CLARABEL/CLARABEL,design=optimal; certificate=optimal
ridge_wine_k30_0,ridge_wine,heldout_real_data,13,29.999999999999996,0.05,3,10,6,6,0.0017482435260694068,0.0017482292604698085,0.0032328109636841347,0.0006737746879368086,True,5,0.1237394580966793,CLARABEL/CLARABEL,design=optimal; certificate=optimal
ridge_wine_k30_0,ridge_wine,heldout_real_data,13,29.999999999999996,0.05,4,10,4,4,0.0009918785717842327,0.0009917971620473764,,0.0009917970036614943,True,1,0.027842584007885307,CLARABEL/CLARABEL,design=optimal; certificate=optimal
ridge_wine_k30_0,ridge_wine,heldout_real_data,13,29.999999999999996,0.05,5,10,5,5,0.0002471637609620103,0.0002465543756310472,,0.0002465544464717411,True,1,0.026621958997566253,CLARABEL/CLARABEL,design=optimal_inaccurate; certificate=optimal
ridge_wine_k30_0,ridge_wine,heldout_real_data,13,29.999999999999996,0.05,6,10,6,6,7.0507387462726e-05,5.516718502991302e-05,,5.514733136441267e-05,True,1,0.013475332991220057,CLARABEL/CLARABEL,design=optimal; certificate=optimal
ridge_wine_k30_1,ridge_wine,heldout_real_data,13,29.999999999999996,0.05,1,10,10,10,0.0025000000000000005,0.004773573073771094,,0.0013930718007559234,True,2,0.03354345797561109,interval Chebyshev,no conditional SDP crossing before the fallback horizon
ridge_wine_k30_1,ridge_wine,heldout_real_data,13,29.999999999999996,0.05,2,10,10,10,0.0025000000000000005,0.004244390233413895,,0.0013930718007559234,True,2,0.03192487504566088,interval Chebyshev,no conditional SDP crossing before the fallback horizon
ridge_wine_k30_1,ridge_wine,heldout_real_data,13,29.999999999999996,0.05,3,10,9,9,0.0019274941832207668,0.001927465368573153,0.003995451617252939,0.0007090922946205024,True,5,0.13749404199188575,CLARABEL/CLARABEL,design=optimal; certificate=optimal
ridge_wine_k30_1,ridge_wine,heldout_real_data,13,29.999999999999996,0.05,4,10,8,8,0.002392701467739622,0.0023926142287649717,0.004819565745995592,0.0006287299873792755,True,5,0.08727304200874642,CLARABEL/CLARABEL,design=optimal; certificate=optimal
ridge_wine_k30_1,ridge_wine,heldout_real_data,13,29.999999999999996,0.05,5,10,7,7,0.001678651685267596,0.0016727607977832309,0.0028091908129913926,0.0004118416688193665,True,4,0.18720595800550655,CLARABEL/CLARABEL,design=optimal; certificate=optimal
ridge_wine_k30_1,ridge_wine,heldout_real_data,13,29.999999999999996,0.05,6,10,6,6,0.0005989115227293951,0.0005757600841866439,,0.0005756001113607193,True,1,0.06828100001439452,CLARABEL/CLARABEL,design=optimal_inaccurate; certificate=optimal
ridge_wine_k30_2,ridge_wine,heldout_real_data,13,29.999999999999996,0.05,1,10,6,6,0.0022557006655943655,0.0022556577215395814,0.004518733027292726,0.001368941670310043,True,5,0.1516483740415424,CLARABEL/CLARABEL,design=optimal; certificate=optimal
ridge_wine_k30_2,ridge_wine,heldout_real_data,13,29.999999999999996,0.05,2,10,6,6,0.0014368787418865686,0.0014368625279139696,0.0027984846201908483,0.0009491640675994608,True,5,0.09348354197572917,CLARABEL/CLARABEL,design=optimal; certificate=optimal
ridge_wine_k30_2,ridge_wine,heldout_real_data,13,29.999999999999996,0.05,3,10,3,3,0.0013331195632862447,0.001333109065485326,,0.0013331090402725152,True,1,0.01048316597007215,CLARABEL/CLARABEL,design=optimal; certificate=optimal
ridge_wine_k30_2,ridge_wine,heldout_real_data,13,29.999999999999996,0.05,4,10,4,4,0.00020057981266437264,0.0002005536317024209,,0.0002005536069839663,True,1,0.011431167018599808,CLARABEL/CLARABEL,design=optimal; certificate=optimal
ridge_wine_k30_2,ridge_wine,heldout_real_data,13,29.999999999999996,0.05,5,10,5,5,2.3220219962594157e-05,2.3059038624422183e-05,,2.305650712972032e-05,True,1,0.012181583035271615,CLARABEL/CLARABEL,design=optimal; certificate=optimal
ridge_wine_k30_2,ridge_wine,heldout_real_data,13,29.999999999999996,0.05,6,10,6,6,9.21220522798194e-06,3.790295376034078e-06,,3.7887609888600404e-06,True,1,0.07014112500473857,CLARABEL/CLARABEL,design=optimal_inaccurate; certificate=optimal
ridge_wine_k30_3,ridge_wine,heldout_real_data,13,29.999999999999996,0.05,1,10,10,10,0.0025000000000000005,0.004141658158605973,,0.001495167331960068,True,2,0.09127299895044416,interval Chebyshev,no conditional SDP crossing before the fallback horizon
ridge_wine_k30_3,ridge_wine,heldout_real_data,13,29.999999999999996,0.05,2,10,9,9,0.0024317331826288146,0.0024317020744739175,0.00504802775649018,0.0013450238044219883,True,5,0.08396158198593184,CLARABEL/CLARABEL,design=optimal; certificate=optimal
ridge_wine_k30_3,ridge_wine,heldout_real_data,13,29.999999999999996,0.05,3,10,9,9,0.0013771926213855222,0.0013771773213198033,0.0028477356502244026,0.0008245360861532869,True,5,0.2343529580393806,CLARABEL/CLARABEL,design=optimal; certificate=optimal
ridge_wine_k30_3,ridge_wine,heldout_real_data,13,29.999999999999996,0.05,4,10,7,7,0.002463874335276728,0.0024638059494945254,0.0045213820401389555,0.0008781320533591667,True,4,0.09203070908552036,CLARABEL/CLARABEL,design=optimal; certificate=optimal
ridge_wine_k30_3,ridge_wine,heldout_real_data,13,29.999999999999996,0.05,5,10,5,5,0.001777189332834439,0.0017768407768460883,,0.0017768407549072825,True,1,0.02150475000962615,CLARABEL/CLARABEL,design=optimal_inaccurate; certificate=optimal
ridge_wine_k30_3,ridge_wine,heldout_real_data,13,29.999999999999996,0.05,6,10,6,6,0.0003153550312902098,0.00030478549475307853,,0.0003046899141015157,True,1,0.022965500014834106,CLARABEL/CLARABEL,design=optimal_inaccurate; certificate=optimal
ridge_wine_k100_0,ridge_wine,heldout_real_data,13,100.00000000000001,0.05,1,19,17,17,0.0023078581905998543,0.0023078345147659026,0.003442320288501537,0.001264118014921946,True,7,2.756010083016008,CLARABEL/CLARABEL,design=optimal; certificate=optimal_inaccurate
ridge_wine_k100_0,ridge_wine,heldout_real_data,13,100.00000000000001,0.05,2,19,14,14,0.0018451434786816929,0.0018450831708632233,0.0027360095095996496,0.0009286975135041401,True,6,1.9680588329210877,CLARABEL/CLARABEL,design=optimal; certificate=optimal_inaccurate
ridge_wine_k100_0,ridge_wine,heldout_real_data,13,100.00000000000001,0.05,3,19,12,12,0.0018999017861220172,0.0018995969457638335,0.0027741980555217043,0.0004452916697302082,True,6,1.8757247919565998,CLARABEL/CLARABEL,design=optimal; certificate=optimal
ridge_wine_k100_0,ridge_wine,heldout_real_data,13,100.00000000000001,0.05,4,19,10,10,0.00193963405473771,0.001939603912609654,0.0027109639148171286,0.0014551149908095125,True,6,0.7862937080208212,CLARABEL/CLARABEL,design=optimal; certificate=optimal
ridge_wine_k100_0,ridge_wine,heldout_real_data,13,100.00000000000001,0.05,5,19,5,5,0.0010048227450552005,0.0010044824678311045,,0.001004478970267627,True,1,0.012926791969221085,CLARABEL/CLARABEL,design=optimal; certificate=optimal
ridge_wine_k100_0,ridge_wine,heldout_real_data,13,100.00000000000001,0.05,6,19,6,6,0.00022385011951087108,0.0002076791594419691,,0.0002076330855613748,True,1,0.02513804199406877,CLARABEL/CLARABEL,design=optimal_inaccurate; certificate=optimal
ridge_wine_k100_1,ridge_wine,heldout_real_data,13,100.00000000000001,0.05,1,19,17,17,0.0017300653680102293,0.0017296608954060844,0.0025799683250817425,0.0004953406814318143,True,7,3.3001604599994607,CLARABEL/CLARABEL,design=optimal; certificate=optimal_inaccurate
ridge_wine_k100_1,ridge_wine,heldout_real_data,13,100.00000000000001,0.05,2,19,15,15,0.002064739822009831,0.0020646443607697726,0.0030690522491788486,0.0014625996538497478,True,6,3.8055689579923637,CLARABEL/CLARABEL,design=optimal; certificate=optimal
ridge_wine_k100_1,ridge_wine,heldout_real_data,13,100.00000000000001,0.05,3,19,14,14,0.002481646981395663,0.0024810164570975212,0.003669378966130411,0.0013652947410735209,True,6,1.8454119979287498,CLARABEL/CLARABEL,design=optimal; certificate=optimal_inaccurate
ridge_wine_k100_1,ridge_wine,heldout_real_data,13,100.00000000000001,0.05,4,19,11,11,0.0017692265809809982,0.0017690825744888807,0.0025148041835714595,0.0009179981287642275,True,6,2.137309501937125,CLARABEL/CLARABEL,design=optimal; certificate=optimal
ridge_wine_k100_1,ridge_wine,heldout_real_data,13,100.00000000000001,0.05,5,19,5,5,0.0019390811514838902,0.0019374832398497857,,0.0019374746669418817,True,1,0.025175082962960005,CLARABEL/CLARABEL,design=optimal; certificate=optimal
ridge_wine_k100_1,ridge_wine,heldout_real_data,13,100.00000000000001,0.05,6,19,6,6,0.0006389444890828599,0.0006110598096405604,,0.0006109489236515619,True,1,0.018563333025667816,CLARABEL/CLARABEL,design=optimal; certificate=optimal
ridge_wine_k100_2,ridge_wine,heldout_real_data,13,100.00000000000001,0.05,1,19,14,14,0.0024271351480840203,0.0024268420604913418,0.0036065729866167667,0.001939700931298706,True,6,1.4125891670701094,CLARABEL/CLARABEL,design=optimal; certificate=optimal_inaccurate
ridge_wine_k100_2,ridge_wine,heldout_real_data,13,100.00000000000001,0.05,2,19,12,12,0.002115981943459865,0.002115953223799306,0.0031129536603268287,0.0008250424938415648,True,6,2.2904670001007617,CLARABEL/CLARABEL,design=optimal; certificate=optimal_inaccurate
ridge_wine_k100_2,ridge_wine,heldout_real_data,13,100.00000000000001,0.05,3,19,4,4,0.002426037139154874,0.0024260232750846137,0.00253183921173532,0.0013138702612127708,True,5,0.7650882509769872,CLARABEL/CLARABEL,design=optimal; certificate=optimal
ridge_wine_k100_2,ridge_wine,heldout_real_data,13,100.00000000000001,0.05,4,19,4,4,0.0006906829597844721,0.0006906428885060683,,0.0006906447373814782,True,1,0.01664824999170378,CLARABEL/CLARABEL,design=optimal; certificate=optimal
ridge_wine_k100_2,ridge_wine,heldout_real_data,13,100.00000000000001,0.05,5,19,5,5,0.00025153875360306444,0.0002509665886839502,,0.0002509665893163018,True,1,0.02099087496753782,CLARABEL/CLARABEL,design=optimal_inaccurate; certificate=optimal
ridge_wine_k100_2,ridge_wine,heldout_real_data,13,100.00000000000001,0.05,6,19,6,6,6.670144922793497e-05,4.575723930432448e-05,,4.569141149920398e-05,True,1,0.05512304202420637,CLARABEL/CLARABEL,design=optimal_inaccurate; certificate=optimal
ridge_wine_k100_3,ridge_wine,heldout_real_data,13,100.00000000000001,0.05,1,19,16,16,0.0022867037408223117,0.0022865234131579414,0.0034077460750373736,0.0012999681433752096,True,6,2.611723291047383,CLARABEL/CLARABEL,design=optimal; certificate=optimal_inaccurate
ridge_wine_k100_3,ridge_wine,heldout_real_data,13,100.00000000000001,0.05,2,19,15,15,0.0024689880717623882,0.0024688622549571743,0.0036726641474199686,0.002004364634020937,True,6,2.105051332968287,CLARABEL/CLARABEL,design=optimal; certificate=optimal
ridge_wine_k100_3,ridge_wine,heldout_real_data,13,100.00000000000001,0.05,3,19,12,12,0.002020186944837521,0.002020104388010653,0.002955466719170029,0.0010840802283261129,True,6,1.2859512499999255,CLARABEL/CLARABEL,design=optimal; certificate=optimal
ridge_wine_k100_3,ridge_wine,heldout_real_data,13,100.00000000000001,0.05,4,19,11,11,0.0021248433969671687,0.0021246167463015693,0.0030335507031382727,0.0009573385407266206,True,6,0.7468706270447001,CLARABEL/CLARABEL,design=optimal; certificate=optimal_inaccurate
ridge_wine_k100_3,ridge_wine,heldout_real_data,13,100.00000000000001,0.05,5,19,5,5,0.0020063423718958973,0.0020046592284535016,,0.002004659228266734,True,1,0.01977183303097263,CLARABEL/CLARABEL,design=optimal_inaccurate; certificate=optimal
ridge_wine_k100_3,ridge_wine,heldout_real_data,13,100.00000000000001,0.05,6,19,6,6,0.0008677652829192084,0.0007866736596953265,,0.0007863883999543969,True,1,0.02190787496510893,CLARABEL/CLARABEL,design=optimal_inaccurate; certificate=optimal
